"collectionCode","catalogNumber","verbatimCountry","Country","verbatimStateProvince","StateProvince","verbatimCounty","County","verbatimMunicipality","Municipality"
"Mammals","90984","Canada","Canada","British Columbia","British Columbia","New Westminster","Greater Vancouver",,"New Westminster"
"Mammals","91066","Canada","Canada","British Columbia","British Columbia","New Westminster","Greater Vancouver",,"New Westminster"
"Mammals","90985","Canada","Canada","British Columbia","British Columbia","New Westminster","Greater Vancouver",,"New Westminster"
"Mammals","114294","Canada","Canada","British Columbia","British Columbia","New Westminster","Greater Vancouver",,"New Westminster"
"Mammals","90989","Canada","Canada","British Columbia","British Columbia","New Westminster","Greater Vancouver",,"New Westminster"
"Mammals","90873","Canada","Canada","British Columbia","British Columbia","New Westminster","Greater Vancouver",,"New Westminster"
"Mammals","90874","Canada","Canada","British Columbia","British Columbia","New Westminster","Greater Vancouver",,"New Westminster"
"Mammals","90982","Canada","Canada","British Columbia","British Columbia","New Westminster","Greater Vancouver",,"New Westminster"
"Mammals","90867","Canada","Canada","British Columbia","British Columbia","New Westminster","Greater Vancouver",,"New Westminster"
"Mammals","90872","Canada","Canada","British Columbia","British Columbia","New Westminster","Greater Vancouver",,"New Westminster"
"Mammals","90988","Canada","Canada","British Columbia","British Columbia","New Westminster","Greater Vancouver",,"New Westminster"
"Mammals","90868","Canada","Canada","British Columbia","British Columbia","New Westminster","Greater Vancouver",,"New Westminster"
"Mammals","90876","Canada","Canada","British Columbia","British Columbia","New Westminster","Greater Vancouver",,"New Westminster"
"Mammals","90986","Canada","Canada","British Columbia","British Columbia","New Westminster","Greater Vancouver",,"New Westminster"
"Mammals","91041","Canada","Canada","British Columbia","British Columbia","New Westminster","Greater Vancouver",,"New Westminster"
"Mammals","90875","Canada","Canada","British Columbia","British Columbia","New Westminster","Greater Vancouver",,"New Westminster"
"Mammals","90870","Canada","Canada","British Columbia","British Columbia","New Westminster","Greater Vancouver",,"New Westminster"
"Mammals","90983","Canada","Canada","British Columbia","British Columbia","New Westminster","Greater Vancouver",,"New Westminster"
"Mammals","90869","Canada","Canada","British Columbia","British Columbia","New Westminster","Greater Vancouver",,"New Westminster"
"Mammals","90871","Canada","Canada","British Columbia","British Columbia","New Westminster","Greater Vancouver",,"New Westminster"
"Mammals","90987","Canada","Canada","British Columbia","British Columbia","New Westminster","Greater Vancouver",,"New Westminster"
"Mammals","24018","CANADA","Canada","QUEBEC","Québec","ABITIBI-OUEST","Abitibi-Témiscamingue",,"Abitibi-Ouest"
"Mammals","24034","CANADA","Canada","QUEBEC","Québec","ABITIBI-OUEST","Abitibi-Témiscamingue",,"Abitibi-Ouest"
"Mammals","24025","CANADA","Canada","QUEBEC","Québec","ABITIBI-OUEST","Abitibi-Témiscamingue",,"Abitibi-Ouest"
"Mammals","24045","CANADA","Canada","QUEBEC","Québec","ABITIBI-OUEST","Abitibi-Témiscamingue",,"Abitibi-Ouest"
"Mammals","24024","CANADA","Canada","QUEBEC","Québec","ABITIBI-OUEST","Abitibi-Témiscamingue",,"Abitibi-Ouest"
"Mammals","24043","CANADA","Canada","QUEBEC","Québec","ABITIBI-OUEST","Abitibi-Témiscamingue",,"Abitibi-Ouest"
"Mammals","24035","CANADA","Canada","QUEBEC","Québec","ABITIBI-OUEST","Abitibi-Témiscamingue",,"Abitibi-Ouest"
"Mammals","24039","CANADA","Canada","QUEBEC","Québec","ABITIBI-OUEST","Abitibi-Témiscamingue",,"Abitibi-Ouest"
"Mammals","24033","CANADA","Canada","QUEBEC","Québec","ABITIBI-OUEST","Abitibi-Témiscamingue",,"Abitibi-Ouest"
"Mammals","24040","CANADA","Canada","QUEBEC","Québec","ABITIBI-OUEST","Abitibi-Témiscamingue",,"Abitibi-Ouest"
"Mammals","24041","CANADA","Canada","QUEBEC","Québec","ABITIBI-OUEST","Abitibi-Témiscamingue",,"Abitibi-Ouest"
"Mammals","24036","CANADA","Canada","QUEBEC","Québec","ABITIBI-OUEST","Abitibi-Témiscamingue",,"Abitibi-Ouest"
"Mammals","24022","CANADA","Canada","QUEBEC","Québec","ABITIBI-OUEST","Abitibi-Témiscamingue",,"Abitibi-Ouest"
"Mammals","24029","CANADA","Canada","QUEBEC","Québec","ABITIBI-OUEST","Abitibi-Témiscamingue",,"Abitibi-Ouest"
"Mammals","24023","CANADA","Canada","QUEBEC","Québec","ABITIBI-OUEST","Abitibi-Témiscamingue",,"Abitibi-Ouest"
"Mammals","24044","CANADA","Canada","QUEBEC","Québec","ABITIBI-OUEST","Abitibi-Témiscamingue",,"Abitibi-Ouest"
"Mammals","24049","CANADA","Canada","QUEBEC","Québec","ABITIBI-OUEST","Abitibi-Témiscamingue",,"Abitibi-Ouest"
"Mammals","24047","CANADA","Canada","QUEBEC","Québec","ABITIBI-OUEST","Abitibi-Témiscamingue",,"Abitibi-Ouest"
"Mammals","24030","CANADA","Canada","QUEBEC","Québec","ABITIBI-OUEST","Abitibi-Témiscamingue",,"Abitibi-Ouest"
"Mammals","24046","CANADA","Canada","QUEBEC","Québec","ABITIBI-OUEST","Abitibi-Témiscamingue",,"Abitibi-Ouest"
"Mammals","24042","CANADA","Canada","QUEBEC","Québec","ABITIBI-OUEST","Abitibi-Témiscamingue",,"Abitibi-Ouest"
"Mammals","24414","CANADA","Canada","QUEBEC","Québec","ABITIBI-OUEST","Abitibi-Témiscamingue",,"Abitibi-Ouest"
"Mammals","24413","CANADA","Canada","QUEBEC","Québec","ABITIBI-OUEST","Abitibi-Témiscamingue",,"Abitibi-Ouest"
"Mammals","24051","CANADA","Canada","QUEBEC","Québec","ABITIBI-OUEST","Abitibi-Témiscamingue",,"Abitibi-Ouest"
"Mammals","24073","CANADA","Canada","QUEBEC","Québec","ABITIBI-OUEST","Abitibi-Témiscamingue",,"Abitibi-Ouest"
"Mammals","24074","CANADA","Canada","QUEBEC","Québec","ABITIBI-OUEST","Abitibi-Témiscamingue",,"Abitibi-Ouest"
"Mammals","24061","CANADA","Canada","QUEBEC","Québec","ABITIBI-OUEST","Abitibi-Témiscamingue",,"Abitibi-Ouest"
"Mammals","24058","CANADA","Canada","QUEBEC","Québec","ABITIBI-OUEST","Abitibi-Témiscamingue",,"Abitibi-Ouest"
"Mammals","24055","CANADA","Canada","QUEBEC","Québec","ABITIBI-OUEST","Abitibi-Témiscamingue",,"Abitibi-Ouest"
"Mammals","24351","CANADA","Canada","QUEBEC","Québec","ABITIBI-OUEST","Abitibi-Témiscamingue",,"Abitibi-Ouest"
"Mammals","27184","CANADA","Canada","QUEBEC","Québec","ABITIBI-OUEST","Abitibi-Témiscamingue",,"Abitibi-Ouest"
"Mammals","27183","CANADA","Canada","QUEBEC","Québec","ABITIBI-OUEST","Abitibi-Témiscamingue",,"Abitibi-Ouest"
"Mammals","24406","CANADA","Canada","QUEBEC","Québec","ABITIBI-OUEST","Abitibi-Témiscamingue",,"Abitibi-Ouest"
"Mammals","24404","CANADA","Canada","QUEBEC","Québec","ABITIBI-OUEST","Abitibi-Témiscamingue",,"Abitibi-Ouest"
"Mammals","24400","CANADA","Canada","QUEBEC","Québec","ABITIBI-OUEST","Abitibi-Témiscamingue",,"Abitibi-Ouest"
"Mammals","24364","CANADA","Canada","QUEBEC","Québec","ABITIBI-OUEST","Abitibi-Témiscamingue",,"Abitibi-Ouest"
"Mammals","24363","CANADA","Canada","QUEBEC","Québec","ABITIBI-OUEST","Abitibi-Témiscamingue",,"Abitibi-Ouest"
"Mammals","24362","CANADA","Canada","QUEBEC","Québec","ABITIBI-OUEST","Abitibi-Témiscamingue",,"Abitibi-Ouest"
"Mammals","24360","CANADA","Canada","QUEBEC","Québec","ABITIBI-OUEST","Abitibi-Témiscamingue",,"Abitibi-Ouest"
"Mammals","24075","CANADA","Canada","QUEBEC","Québec","ABITIBI-OUEST","Abitibi-Témiscamingue",,"Abitibi-Ouest"
"Mammals","24327","CANADA","Canada","QUEBEC","Québec","ABITIBI-OUEST","Abitibi-Témiscamingue",,"Abitibi-Ouest"
"Mammals","27174","CANADA","Canada","QUEBEC","Québec","ABITIBI-OUEST","Abitibi-Témiscamingue",,"Abitibi-Ouest"
"Mammals","24390","CANADA","Canada","QUEBEC","Québec","ABITIBI-OUEST","Abitibi-Témiscamingue",,"Abitibi-Ouest"
"Mammals","24071","CANADA","Canada","QUEBEC","Québec","ABITIBI-OUEST","Abitibi-Témiscamingue",,"Abitibi-Ouest"
"Mammals","24070","CANADA","Canada","QUEBEC","Québec","ABITIBI-OUEST","Abitibi-Témiscamingue",,"Abitibi-Ouest"
"Mammals","24064","CANADA","Canada","QUEBEC","Québec","ABITIBI-OUEST","Abitibi-Témiscamingue",,"Abitibi-Ouest"
"Mammals","24346","CANADA","Canada","QUEBEC","Québec","ABITIBI-OUEST","Abitibi-Témiscamingue",,"Abitibi-Ouest"
"Mammals","24352","CANADA","Canada","QUEBEC","Québec","ABITIBI-OUEST","Abitibi-Témiscamingue",,"Abitibi-Ouest"
"Mammals","24349","CANADA","Canada","QUEBEC","Québec","ABITIBI-OUEST","Abitibi-Témiscamingue",,"Abitibi-Ouest"
"Mammals","24418","CANADA","Canada","QUEBEC","Québec","ABITIBI-OUEST","Abitibi-Témiscamingue",,"Abitibi-Ouest"
"Mammals","24347","CANADA","Canada","QUEBEC","Québec","ABITIBI-OUEST","Abitibi-Témiscamingue",,"Abitibi-Ouest"
"Mammals","24321","CANADA","Canada","QUEBEC","Québec","ABITIBI-OUEST","Abitibi-Témiscamingue",,"Abitibi-Ouest"
"Mammals","24056","CANADA","Canada","QUEBEC","Québec","ABITIBI-OUEST","Abitibi-Témiscamingue",,"Abitibi-Ouest"
"Mammals","24408","CANADA","Canada","QUEBEC","Québec","ABITIBI-OUEST","Abitibi-Témiscamingue",,"Abitibi-Ouest"
"Mammals","24052","CANADA","Canada","QUEBEC","Québec","ABITIBI-OUEST","Abitibi-Témiscamingue",,"Abitibi-Ouest"
"Mammals","24322","CANADA","Canada","QUEBEC","Québec","ABITIBI-OUEST","Abitibi-Témiscamingue",,"Abitibi-Ouest"
"Mammals","24341","CANADA","Canada","QUEBEC","Québec","ABITIBI-OUEST","Abitibi-Témiscamingue",,"Abitibi-Ouest"
"Mammals","24333","CANADA","Canada","QUEBEC","Québec","ABITIBI-OUEST","Abitibi-Témiscamingue",,"Abitibi-Ouest"
"Mammals","24317","CANADA","Canada","QUEBEC","Québec","ABITIBI-OUEST","Abitibi-Témiscamingue",,"Abitibi-Ouest"
"Mammals","24417","CANADA","Canada","QUEBEC","Québec","ABITIBI-OUEST","Abitibi-Témiscamingue",,"Abitibi-Ouest"
"Mammals","24348","CANADA","Canada","QUEBEC","Québec","ABITIBI-OUEST","Abitibi-Témiscamingue",,"Abitibi-Ouest"
"Mammals","24366","CANADA","Canada","QUEBEC","Québec","ABITIBI-OUEST","Abitibi-Témiscamingue",,"Abitibi-Ouest"
"Mammals","24337","CANADA","Canada","QUEBEC","Québec","ABITIBI-OUEST","Abitibi-Témiscamingue",,"Abitibi-Ouest"
"Mammals","24345","CANADA","Canada","QUEBEC","Québec","ABITIBI-OUEST","Abitibi-Témiscamingue",,"Abitibi-Ouest"
"Mammals","27180","CANADA","Canada","QUEBEC","Québec","ABITIBI-OUEST","Abitibi-Témiscamingue",,"Abitibi-Ouest"
"Mammals","24350","CANADA","Canada","QUEBEC","Québec","ABITIBI-OUEST","Abitibi-Témiscamingue",,"Abitibi-Ouest"
"Mammals","27179","CANADA","Canada","QUEBEC","Québec","ABITIBI-OUEST","Abitibi-Témiscamingue",,"Abitibi-Ouest"
"Mammals","27170","CANADA","Canada","QUEBEC","Québec","ABITIBI-OUEST","Abitibi-Témiscamingue",,"Abitibi-Ouest"
"Mammals","24318","CANADA","Canada","QUEBEC","Québec","ABITIBI-OUEST","Abitibi-Témiscamingue",,"Abitibi-Ouest"
"Mammals","24359","CANADA","Canada","QUEBEC","Québec","ABITIBI-OUEST","Abitibi-Témiscamingue",,"Abitibi-Ouest"
"Mammals","27168","CANADA","Canada","QUEBEC","Québec","ABITIBI-OUEST","Abitibi-Témiscamingue",,"Abitibi-Ouest"
"Mammals","24069","CANADA","Canada","QUEBEC","Québec","ABITIBI-OUEST","Abitibi-Témiscamingue",,"Abitibi-Ouest"
"Mammals","24368","CANADA","Canada","QUEBEC","Québec","ABITIBI-OUEST","Abitibi-Témiscamingue",,"Abitibi-Ouest"
"Mammals","24367","CANADA","Canada","QUEBEC","Québec","ABITIBI-OUEST","Abitibi-Témiscamingue",,"Abitibi-Ouest"
"Mammals","27171","CANADA","Canada","QUEBEC","Québec","ABITIBI-OUEST","Abitibi-Témiscamingue",,"Abitibi-Ouest"
"Mammals","24315","CANADA","Canada","QUEBEC","Québec","ABITIBI-OUEST","Abitibi-Témiscamingue",,"Abitibi-Ouest"
"Mammals","27182","CANADA","Canada","QUEBEC","Québec","ABITIBI-OUEST","Abitibi-Témiscamingue",,"Abitibi-Ouest"
"Mammals","24409","CANADA","Canada","QUEBEC","Québec","ABITIBI-OUEST","Abitibi-Témiscamingue",,"Abitibi-Ouest"
"Mammals","27177","CANADA","Canada","QUEBEC","Québec","ABITIBI-OUEST","Abitibi-Témiscamingue",,"Abitibi-Ouest"
"Mammals","27169","CANADA","Canada","QUEBEC","Québec","ABITIBI-OUEST","Abitibi-Témiscamingue",,"Abitibi-Ouest"
"Mammals","24324","CANADA","Canada","QUEBEC","Québec","ABITIBI-OUEST","Abitibi-Témiscamingue",,"Abitibi-Ouest"
"Mammals","24361","CANADA","Canada","QUEBEC","Québec","ABITIBI-OUEST","Abitibi-Témiscamingue",,"Abitibi-Ouest"
"Mammals","24330","CANADA","Canada","QUEBEC","Québec","ABITIBI-OUEST","Abitibi-Témiscamingue",,"Abitibi-Ouest"
"Mammals","24312","CANADA","Canada","QUEBEC","Québec","ABITIBI-OUEST","Abitibi-Témiscamingue",,"Abitibi-Ouest"
"Mammals","24314","CANADA","Canada","QUEBEC","Québec","ABITIBI-OUEST","Abitibi-Témiscamingue",,"Abitibi-Ouest"
"Mammals","24316","CANADA","Canada","QUEBEC","Québec","ABITIBI-OUEST","Abitibi-Témiscamingue",,"Abitibi-Ouest"
"Mammals","24420","CANADA","Canada","QUEBEC","Québec","ABITIBI-OUEST","Abitibi-Témiscamingue",,"Abitibi-Ouest"
"Mammals","24428","CANADA","Canada","QUEBEC","Québec","ABITIBI-OUEST","Abitibi-Témiscamingue",,"Abitibi-Ouest"
"Mammals","24338","CANADA","Canada","QUEBEC","Québec","ABITIBI-OUEST","Abitibi-Témiscamingue",,"Abitibi-Ouest"
"Mammals","24320","CANADA","Canada","QUEBEC","Québec","ABITIBI-OUEST","Abitibi-Témiscamingue",,"Abitibi-Ouest"
"Mammals","24059","CANADA","Canada","QUEBEC","Québec","ABITIBI-OUEST","Abitibi-Témiscamingue",,"Abitibi-Ouest"
"Mammals","24326","CANADA","Canada","QUEBEC","Québec","ABITIBI-OUEST","Abitibi-Témiscamingue",,"Abitibi-Ouest"
"Mammals","27189","CANADA","Canada","QUEBEC","Québec","ABITIBI-OUEST","Abitibi-Témiscamingue",,"Abitibi-Ouest"
"Mammals","27190","CANADA","Canada","QUEBEC","Québec","ABITIBI-OUEST","Abitibi-Témiscamingue",,"Abitibi-Ouest"
"Mammals","24372","CANADA","Canada","QUEBEC","Québec","ABITIBI-OUEST","Abitibi-Témiscamingue",,"Abitibi-Ouest"
"Mammals","24325","CANADA","Canada","QUEBEC","Québec","ABITIBI-OUEST","Abitibi-Témiscamingue",,"Abitibi-Ouest"
"Mammals","24068","CANADA","Canada","QUEBEC","Québec","ABITIBI-OUEST","Abitibi-Témiscamingue",,"Abitibi-Ouest"
"Mammals","24374","CANADA","Canada","QUEBEC","Québec","ABITIBI-OUEST","Abitibi-Témiscamingue",,"Abitibi-Ouest"
"Mammals","24342","CANADA","Canada","QUEBEC","Québec","ABITIBI-OUEST","Abitibi-Témiscamingue",,"Abitibi-Ouest"
"Mammals","24319","CANADA","Canada","QUEBEC","Québec","ABITIBI-OUEST","Abitibi-Témiscamingue",,"Abitibi-Ouest"
"Mammals","24343","CANADA","Canada","QUEBEC","Québec","ABITIBI-OUEST","Abitibi-Témiscamingue",,"Abitibi-Ouest"
"Mammals","24379","CANADA","Canada","QUEBEC","Québec","ABITIBI-OUEST","Abitibi-Témiscamingue",,"Abitibi-Ouest"
"Mammals","24054","CANADA","Canada","QUEBEC","Québec","ABITIBI-OUEST","Abitibi-Témiscamingue",,"Abitibi-Ouest"
"Mammals","24065","CANADA","Canada","QUEBEC","Québec","ABITIBI-OUEST","Abitibi-Témiscamingue",,"Abitibi-Ouest"
"Mammals","24053","CANADA","Canada","QUEBEC","Québec","ABITIBI-OUEST","Abitibi-Témiscamingue",,"Abitibi-Ouest"
"Mammals","24334","CANADA","Canada","QUEBEC","Québec","ABITIBI-OUEST","Abitibi-Témiscamingue",,"Abitibi-Ouest"
"Mammals","24332","CANADA","Canada","QUEBEC","Québec","ABITIBI-OUEST","Abitibi-Témiscamingue",,"Abitibi-Ouest"
"Mammals","24057","CANADA","Canada","QUEBEC","Québec","ABITIBI-OUEST","Abitibi-Témiscamingue",,"Abitibi-Ouest"
"Mammals","24066","CANADA","Canada","QUEBEC","Québec","ABITIBI-OUEST","Abitibi-Témiscamingue",,"Abitibi-Ouest"
"Mammals","24063","CANADA","Canada","QUEBEC","Québec","ABITIBI-OUEST","Abitibi-Témiscamingue",,"Abitibi-Ouest"
"Mammals","24329","CANADA","Canada","QUEBEC","Québec","ABITIBI-OUEST","Abitibi-Témiscamingue",,"Abitibi-Ouest"
"Mammals","24356","CANADA","Canada","QUEBEC","Québec","ABITIBI-OUEST","Abitibi-Témiscamingue",,"Abitibi-Ouest"
"Mammals","24358","CANADA","Canada","QUEBEC","Québec","ABITIBI-OUEST","Abitibi-Témiscamingue",,"Abitibi-Ouest"
"Mammals","24365","CANADA","Canada","QUEBEC","Québec","ABITIBI-OUEST","Abitibi-Témiscamingue",,"Abitibi-Ouest"
"Mammals","24397","CANADA","Canada","QUEBEC","Québec","ABITIBI-OUEST","Abitibi-Témiscamingue",,"Abitibi-Ouest"
"Mammals","24357","CANADA","Canada","QUEBEC","Québec","ABITIBI-OUEST","Abitibi-Témiscamingue",,"Abitibi-Ouest"
"Mammals","27167","CANADA","Canada","QUEBEC","Québec","ABITIBI-OUEST","Abitibi-Témiscamingue",,"Abitibi-Ouest"
"Mammals","24375","CANADA","Canada","QUEBEC","Québec","ABITIBI-OUEST","Abitibi-Témiscamingue",,"Abitibi-Ouest"
"Mammals","24371","CANADA","Canada","QUEBEC","Québec","ABITIBI-OUEST","Abitibi-Témiscamingue",,"Abitibi-Ouest"
"Mammals","24370","CANADA","Canada","QUEBEC","Québec","ABITIBI-OUEST","Abitibi-Témiscamingue",,"Abitibi-Ouest"
"Mammals","24353","CANADA","Canada","QUEBEC","Québec","ABITIBI-OUEST","Abitibi-Témiscamingue",,"Abitibi-Ouest"
"Mammals","24427","CANADA","Canada","QUEBEC","Québec","ABITIBI-OUEST","Abitibi-Témiscamingue",,"Abitibi-Ouest"
"Mammals","24130","CANADA","Canada","QUEBEC","Québec","ABITIBI-OUEST","Abitibi-Témiscamingue",,"Abitibi-Ouest"
"Mammals","24398","CANADA","Canada","QUEBEC","Québec","ABITIBI-OUEST","Abitibi-Témiscamingue",,"Abitibi-Ouest"
"Mammals","24401","CANADA","Canada","QUEBEC","Québec","ABITIBI-OUEST","Abitibi-Témiscamingue",,"Abitibi-Ouest"
"Mammals","24331","CANADA","Canada","QUEBEC","Québec","ABITIBI-OUEST","Abitibi-Témiscamingue",,"Abitibi-Ouest"
"Mammals","24354","CANADA","Canada","QUEBEC","Québec","ABITIBI-OUEST","Abitibi-Témiscamingue",,"Abitibi-Ouest"
"Mammals","24399","CANADA","Canada","QUEBEC","Québec","ABITIBI-OUEST","Abitibi-Témiscamingue",,"Abitibi-Ouest"
"Mammals","24391","CANADA","Canada","QUEBEC","Québec","ABITIBI-OUEST","Abitibi-Témiscamingue",,"Abitibi-Ouest"
"Mammals","24392","CANADA","Canada","QUEBEC","Québec","ABITIBI-OUEST","Abitibi-Témiscamingue",,"Abitibi-Ouest"
"Mammals","24336","CANADA","Canada","QUEBEC","Québec","ABITIBI-OUEST","Abitibi-Témiscamingue",,"Abitibi-Ouest"
"Mammals","24394","CANADA","Canada","QUEBEC","Québec","ABITIBI-OUEST","Abitibi-Témiscamingue",,"Abitibi-Ouest"
"Mammals","24402","CANADA","Canada","QUEBEC","Québec","ABITIBI-OUEST","Abitibi-Témiscamingue",,"Abitibi-Ouest"
"Mammals","24389","CANADA","Canada","QUEBEC","Québec","ABITIBI-OUEST","Abitibi-Témiscamingue",,"Abitibi-Ouest"
"Mammals","24060","CANADA","Canada","QUEBEC","Québec","ABITIBI-OUEST","Abitibi-Témiscamingue",,"Abitibi-Ouest"
"Mammals","24410","CANADA","Canada","QUEBEC","Québec","ABITIBI-OUEST","Abitibi-Témiscamingue",,"Abitibi-Ouest"
"Mammals","24396","CANADA","Canada","QUEBEC","Québec","ABITIBI-OUEST","Abitibi-Témiscamingue",,"Abitibi-Ouest"
"Mammals","24388","CANADA","Canada","QUEBEC","Québec","ABITIBI-OUEST","Abitibi-Témiscamingue",,"Abitibi-Ouest"
"Mammals","24369","CANADA","Canada","QUEBEC","Québec","ABITIBI-OUEST","Abitibi-Témiscamingue",,"Abitibi-Ouest"
"Mammals","24411","CANADA","Canada","QUEBEC","Québec","ABITIBI-OUEST","Abitibi-Témiscamingue",,"Abitibi-Ouest"
"Mammals","24387","CANADA","Canada","QUEBEC","Québec","ABITIBI-OUEST","Abitibi-Témiscamingue",,"Abitibi-Ouest"
"Mammals","24393","CANADA","Canada","QUEBEC","Québec","ABITIBI-OUEST","Abitibi-Témiscamingue",,"Abitibi-Ouest"
"Mammals","24313","CANADA","Canada","QUEBEC","Québec","ABITIBI-OUEST","Abitibi-Témiscamingue",,"Abitibi-Ouest"
"Mammals","24419","CANADA","Canada","QUEBEC","Québec","ABITIBI-OUEST","Abitibi-Témiscamingue",,"Abitibi-Ouest"
"Mammals","24415","CANADA","Canada","QUEBEC","Québec","ABITIBI-OUEST","Abitibi-Témiscamingue",,"Abitibi-Ouest"
"Mammals","24385","CANADA","Canada","QUEBEC","Québec","ABITIBI-OUEST","Abitibi-Témiscamingue",,"Abitibi-Ouest"
"Mammals","24335","CANADA","Canada","QUEBEC","Québec","ABITIBI-OUEST","Abitibi-Témiscamingue",,"Abitibi-Ouest"
"Mammals","24067","CANADA","Canada","QUEBEC","Québec","ABITIBI-OUEST","Abitibi-Témiscamingue",,"Abitibi-Ouest"
"Mammals","24344","CANADA","Canada","QUEBEC","Québec","ABITIBI-OUEST","Abitibi-Témiscamingue",,"Abitibi-Ouest"
"Mammals","24340","CANADA","Canada","QUEBEC","Québec","ABITIBI-OUEST","Abitibi-Témiscamingue",,"Abitibi-Ouest"
"Mammals","24377","CANADA","Canada","QUEBEC","Québec","ABITIBI-OUEST","Abitibi-Témiscamingue",,"Abitibi-Ouest"
"Mammals","24062","CANADA","Canada","QUEBEC","Québec","ABITIBI-OUEST","Abitibi-Témiscamingue",,"Abitibi-Ouest"
"Mammals","27181","CANADA","Canada","QUEBEC","Québec","ABITIBI-OUEST","Abitibi-Témiscamingue",,"Abitibi-Ouest"
"Mammals","24072","CANADA","Canada","QUEBEC","Québec","ABITIBI-OUEST","Abitibi-Témiscamingue",,"Abitibi-Ouest"
"Mammals","24403","CANADA","Canada","QUEBEC","Québec","ABITIBI-OUEST","Abitibi-Témiscamingue",,"Abitibi-Ouest"
"Mammals","24373","CANADA","Canada","QUEBEC","Québec","ABITIBI-OUEST","Abitibi-Témiscamingue",,"Abitibi-Ouest"
"Mammals","24328","CANADA","Canada","QUEBEC","Québec","ABITIBI-OUEST","Abitibi-Témiscamingue",,"Abitibi-Ouest"
"Mammals","24386","CANADA","Canada","QUEBEC","Québec","ABITIBI-OUEST","Abitibi-Témiscamingue",,"Abitibi-Ouest"
"Mammals","24355","CANADA","Canada","QUEBEC","Québec","ABITIBI-OUEST","Abitibi-Témiscamingue",,"Abitibi-Ouest"
"Mammals","24395","CANADA","Canada","QUEBEC","Québec","ABITIBI-OUEST","Abitibi-Témiscamingue",,"Abitibi-Ouest"
"Mammals","24339","CANADA","Canada","QUEBEC","Québec","ABITIBI-OUEST","Abitibi-Témiscamingue",,"Abitibi-Ouest"
"Mammals","24382","CANADA","Canada","QUEBEC","Québec","ABITIBI-OUEST","Abitibi-Témiscamingue",,"Abitibi-Ouest"
"Mammals","24380","CANADA","Canada","QUEBEC","Québec","ABITIBI-OUEST","Abitibi-Témiscamingue",,"Abitibi-Ouest"
"Mammals","24376","CANADA","Canada","QUEBEC","Québec","ABITIBI-OUEST","Abitibi-Témiscamingue",,"Abitibi-Ouest"
"Mammals","24381","CANADA","Canada","QUEBEC","Québec","ABITIBI-OUEST","Abitibi-Témiscamingue",,"Abitibi-Ouest"
"Mammals","24405","CANADA","Canada","QUEBEC","Québec","ABITIBI-OUEST","Abitibi-Témiscamingue",,"Abitibi-Ouest"
"Mammals","24383","CANADA","Canada","QUEBEC","Québec","ABITIBI-OUEST","Abitibi-Témiscamingue",,"Abitibi-Ouest"
"Mammals","24384","CANADA","Canada","QUEBEC","Québec","ABITIBI-OUEST","Abitibi-Témiscamingue",,"Abitibi-Ouest"
"Mammals","24416","CANADA","Canada","QUEBEC","Québec","ABITIBI-OUEST","Abitibi-Témiscamingue",,"Abitibi-Ouest"
"Mammals","27173","CANADA","Canada","QUEBEC","Québec","ABITIBI-OUEST","Abitibi-Témiscamingue",,"Abitibi-Ouest"
"Mammals","24412","CANADA","Canada","QUEBEC","Québec","ABITIBI-OUEST","Abitibi-Témiscamingue",,"Abitibi-Ouest"
"Mammals","24429","CANADA","Canada","QUEBEC","Québec","ABITIBI-OUEST","Abitibi-Témiscamingue",,"Abitibi-Ouest"
"Mammals","24426","CANADA","Canada","QUEBEC","Québec","ABITIBI-OUEST","Abitibi-Témiscamingue",,"Abitibi-Ouest"
"Mammals","24424","CANADA","Canada","QUEBEC","Québec","ABITIBI-OUEST","Abitibi-Témiscamingue",,"Abitibi-Ouest"
"Mammals","24423","CANADA","Canada","QUEBEC","Québec","ABITIBI-OUEST","Abitibi-Témiscamingue",,"Abitibi-Ouest"
"Mammals","24421","CANADA","Canada","QUEBEC","Québec","ABITIBI-OUEST","Abitibi-Témiscamingue",,"Abitibi-Ouest"
"Mammals","24422","CANADA","Canada","QUEBEC","Québec","ABITIBI-OUEST","Abitibi-Témiscamingue",,"Abitibi-Ouest"
"Mammals","24425","CANADA","Canada","QUEBEC","Québec","ABITIBI-OUEST","Abitibi-Témiscamingue",,"Abitibi-Ouest"
"Mammals","24378","CANADA","Canada","QUEBEC","Québec","ABITIBI-OUEST","Abitibi-Témiscamingue",,"Abitibi-Ouest"
"Mammals","27187","CANADA","Canada","QUEBEC","Québec","ABITIBI-OUEST","Abitibi-Témiscamingue",,"Abitibi-Ouest"
"Mammals","27188","CANADA","Canada","QUEBEC","Québec","ABITIBI-OUEST","Abitibi-Témiscamingue",,"Abitibi-Ouest"
"Mammals","27186","CANADA","Canada","QUEBEC","Québec","ABITIBI-OUEST","Abitibi-Témiscamingue",,"Abitibi-Ouest"
"Mammals","27192","CANADA","Canada","QUEBEC","Québec","ABITIBI-OUEST","Abitibi-Témiscamingue",,"Abitibi-Ouest"
"Mammals","27178","CANADA","Canada","QUEBEC","Québec","ABITIBI-OUEST","Abitibi-Témiscamingue",,"Abitibi-Ouest"
"Mammals","27185","CANADA","Canada","QUEBEC","Québec","ABITIBI-OUEST","Abitibi-Témiscamingue",,"Abitibi-Ouest"
"Mammals","24019","CANADA","Canada","QUEBEC","Québec","ABITIBI-OUEST","Abitibi-Témiscamingue",,"Abitibi-Ouest"
"Mammals","24020","CANADA","Canada","QUEBEC","Québec","ABITIBI-OUEST","Abitibi-Témiscamingue",,"Abitibi-Ouest"
"Mammals","27191","CANADA","Canada","QUEBEC","Québec","ABITIBI-OUEST","Abitibi-Témiscamingue",,"Abitibi-Ouest"
"Mammals","24407","CANADA","Canada","QUEBEC","Québec","ABITIBI-OUEST","Abitibi-Témiscamingue",,"Abitibi-Ouest"
"Mammals","27172","CANADA","Canada","QUEBEC","Québec","ABITIBI-OUEST","Abitibi-Témiscamingue",,"Abitibi-Ouest"
"Mammals","24038","CANADA","Canada","QUEBEC","Québec","ABITIBI-OUEST","Abitibi-Témiscamingue",,"Abitibi-Ouest"
"Mammals","24050","CANADA","Canada","QUEBEC","Québec","ABITIBI-OUEST","Abitibi-Témiscamingue",,"Abitibi-Ouest"
"Mammals","24031","CANADA","Canada","QUEBEC","Québec","ABITIBI-OUEST","Abitibi-Témiscamingue",,"Abitibi-Ouest"
"Mammals","24323","CANADA","Canada","QUEBEC","Québec","ABITIBI-OUEST","Abitibi-Témiscamingue",,"Abitibi-Ouest"
"Mammals","24048","CANADA","Canada","QUEBEC","Québec","ABITIBI-OUEST","Abitibi-Témiscamingue",,"Abitibi-Ouest"
"Mammals","27175","CANADA","Canada","QUEBEC","Québec","ABITIBI-OUEST","Abitibi-Témiscamingue",,"Abitibi-Ouest"
"Mammals","27166","CANADA","Canada","QUEBEC","Québec","ABITIBI-OUEST","Abitibi-Témiscamingue",,"Abitibi-Ouest"
"Mammals","27176","CANADA","Canada","QUEBEC","Québec","ABITIBI-OUEST","Abitibi-Témiscamingue",,"Abitibi-Ouest"
"Mammals","24027","CANADA","Canada","QUEBEC","Québec","ABITIBI-OUEST","Abitibi-Témiscamingue",,"Abitibi-Ouest"
"Mammals","24037","CANADA","Canada","QUEBEC","Québec","ABITIBI-OUEST","Abitibi-Témiscamingue",,"Abitibi-Ouest"
"Mammals","24021","CANADA","Canada","QUEBEC","Québec","ABITIBI-OUEST","Abitibi-Témiscamingue",,"Abitibi-Ouest"
"Mammals","24026","CANADA","Canada","QUEBEC","Québec","ABITIBI-OUEST","Abitibi-Témiscamingue",,"Abitibi-Ouest"
"Mammals","24032","CANADA","Canada","QUEBEC","Québec","ABITIBI-OUEST","Abitibi-Témiscamingue",,"Abitibi-Ouest"
"Mammals","24028","CANADA","Canada","QUEBEC","Québec","ABITIBI-OUEST","Abitibi-Témiscamingue",,"Abitibi-Ouest"
"Mammals","86465","CANADA","Canada","QUEBEC","Québec","MEMPHREMAGOG","Estrie",,"Memphrémagog"
"Mammals","12067","Canada","Canada","Quebec","Québec","Quebec","Capitale-Nationale",,"Québec"
"Mammals","12063","Canada","Canada","Quebec","Québec","Quebec","Capitale-Nationale",,"Québec"
"Mammals","12084","Canada","Canada","Quebec","Québec","Quebec","Capitale-Nationale",,"Québec"
"Mammals","12085","Canada","Canada","Quebec","Québec","Quebec","Capitale-Nationale",,"Québec"
"Mammals","12093","Canada","Canada","Quebec","Québec","Quebec","Capitale-Nationale",,"Québec"
"Mammals","11986","Canada","Canada","Quebec","Québec","Quebec","Capitale-Nationale",,"Québec"
"Mammals","11755","Canada","Canada","Quebec","Québec","Quebec","Capitale-Nationale",,"Québec"
"Mammals","11985","Canada","Canada","Quebec","Québec","Quebec","Capitale-Nationale",,"Québec"
"Mammals","11862","Canada","Canada","Quebec","Québec","Quebec","Capitale-Nationale",,"Québec"
"Mammals","11983","Canada","Canada","Quebec","Québec","Quebec","Capitale-Nationale",,"Québec"
"Mammals","11863","Canada","Canada","Quebec","Québec","Quebec","Capitale-Nationale",,"Québec"
"Mammals","11987","Canada","Canada","Quebec","Québec","Quebec","Capitale-Nationale",,"Québec"
"Mammals","11758","Canada","Canada","Quebec","Québec","Quebec","Capitale-Nationale",,"Québec"
"Mammals","11767","Canada","Canada","Quebec","Québec","Quebec","Capitale-Nationale",,"Québec"
"Mammals","11766","Canada","Canada","Quebec","Québec","Quebec","Capitale-Nationale",,"Québec"
"Mammals","11765","Canada","Canada","Quebec","Québec","Quebec","Capitale-Nationale",,"Québec"
"Mammals","11868","Canada","Canada","Quebec","Québec","Quebec","Capitale-Nationale",,"Québec"
"Mammals","11763","Canada","Canada","Quebec","Québec","Quebec","Capitale-Nationale",,"Québec"
"Mammals","11864","Canada","Canada","Quebec","Québec","Quebec","Capitale-Nationale",,"Québec"
"Mammals","11811","Canada","Canada","Quebec","Québec","Quebec","Capitale-Nationale",,"Québec"
"Mammals","11960","Canada","Canada","Quebec","Québec","Quebec","Capitale-Nationale",,"Québec"
"Mammals","11761","Canada","Canada","Quebec","Québec","Quebec","Capitale-Nationale",,"Québec"
"Mammals","11861","Canada","Canada","Quebec","Québec","Quebec","Capitale-Nationale",,"Québec"
"Mammals","11759","Canada","Canada","Quebec","Québec","Quebec","Capitale-Nationale",,"Québec"
"Mammals","12094","Canada","Canada","Quebec","Québec","Quebec","Capitale-Nationale",,"Québec"
"Mammals","11757","Canada","Canada","Quebec","Québec","Quebec","Capitale-Nationale",,"Québec"
"Mammals","11756","Canada","Canada","Quebec","Québec","Quebec","Capitale-Nationale",,"Québec"
"Mammals","11754","Canada","Canada","Quebec","Québec","Quebec","Capitale-Nationale",,"Québec"
"Mammals","11837","Canada","Canada","Quebec","Québec","Quebec","Capitale-Nationale",,"Québec"
"Mammals","11753","Canada","Canada","Quebec","Québec","Quebec","Capitale-Nationale",,"Québec"
"Mammals","11764","Canada","Canada","Quebec","Québec","Quebec","Capitale-Nationale",,"Québec"
"Mammals","11982","Canada","Canada","Quebec","Québec","Quebec","Capitale-Nationale",,"Québec"
"Mammals","12105","Canada","Canada","Quebec","Québec","Quebec","Capitale-Nationale",,"Québec"
"Mammals","12095","Canada","Canada","Quebec","Québec","Quebec","Capitale-Nationale",,"Québec"
"Mammals","11760","Canada","Canada","Quebec","Québec","Quebec","Capitale-Nationale",,"Québec"
"Mammals","11952","Canada","Canada","Quebec","Québec","Quebec","Capitale-Nationale",,"Québec"
"Mammals","11924","Canada","Canada","Quebec","Québec","Quebec","Capitale-Nationale",,"Québec"
"Mammals","11880","Canada","Canada","Quebec","Québec","Quebec","Capitale-Nationale",,"Québec"
"Mammals","11954","Canada","Canada","Quebec","Québec","Quebec","Capitale-Nationale",,"Québec"
"Mammals","11925","Canada","Canada","Quebec","Québec","Quebec","Capitale-Nationale",,"Québec"
"Mammals","11926","Canada","Canada","Quebec","Québec","Quebec","Capitale-Nationale",,"Québec"
"Mammals","12021","Canada","Canada","Quebec","Québec","Quebec","Capitale-Nationale",,"Québec"
"Mammals","11809","Canada","Canada","Quebec","Québec","Quebec","Capitale-Nationale",,"Québec"
"Mammals","11953","Canada","Canada","Quebec","Québec","Quebec","Capitale-Nationale",,"Québec"
"Mammals","11885","Canada","Canada","Quebec","Québec","Quebec","Capitale-Nationale",,"Québec"
"Mammals","11917","Canada","Canada","Quebec","Québec","Quebec","Capitale-Nationale",,"Québec"
"Mammals","12018","Canada","Canada","Quebec","Québec","Quebec","Capitale-Nationale",,"Québec"
"Mammals","11872","Canada","Canada","Quebec","Québec","Quebec","Capitale-Nationale",,"Québec"
"Mammals","11999","Canada","Canada","Quebec","Québec","Quebec","Capitale-Nationale",,"Québec"
"Mammals","12108","Canada","Canada","Quebec","Québec","Quebec","Capitale-Nationale",,"Québec"
"Mammals","11910","Canada","Canada","Quebec","Québec","Quebec","Capitale-Nationale",,"Québec"
"Mammals","11807","Canada","Canada","Quebec","Québec","Quebec","Capitale-Nationale",,"Québec"
"Mammals","12019","Canada","Canada","Quebec","Québec","Quebec","Capitale-Nationale",,"Québec"
"Mammals","11806","Canada","Canada","Quebec","Québec","Quebec","Capitale-Nationale",,"Québec"
"Mammals","11958","Canada","Canada","Quebec","Québec","Quebec","Capitale-Nationale",,"Québec"
"Mammals","11906","Canada","Canada","Quebec","Québec","Quebec","Capitale-Nationale",,"Québec"
"Mammals","12053","Canada","Canada","Quebec","Québec","Quebec","Capitale-Nationale",,"Québec"
"Mammals","11904","Canada","Canada","Quebec","Québec","Quebec","Capitale-Nationale",,"Québec"
"Mammals","12068","Canada","Canada","Quebec","Québec","Quebec","Capitale-Nationale",,"Québec"
"Mammals","11869","Canada","Canada","Quebec","Québec","Quebec","Capitale-Nationale",,"Québec"
"Mammals","11998","Canada","Canada","Quebec","Québec","Quebec","Capitale-Nationale",,"Québec"
"Mammals","11962","Canada","Canada","Quebec","Québec","Quebec","Capitale-Nationale",,"Québec"
"Mammals","11896","Canada","Canada","Quebec","Québec","Quebec","Capitale-Nationale",,"Québec"
"Mammals","11886","Canada","Canada","Quebec","Québec","Quebec","Capitale-Nationale",,"Québec"
"Mammals","11808","Canada","Canada","Quebec","Québec","Quebec","Capitale-Nationale",,"Québec"
"Mammals","11768","Canada","Canada","Quebec","Québec","Quebec","Capitale-Nationale",,"Québec"
"Mammals","11810","Canada","Canada","Quebec","Québec","Quebec","Capitale-Nationale",,"Québec"
"Mammals","11779","Canada","Canada","Quebec","Québec","Quebec","Capitale-Nationale",,"Québec"
"Mammals","11850","Canada","Canada","Quebec","Québec","Quebec","Capitale-Nationale",,"Québec"
"Mammals","11879","Canada","Canada","Quebec","Québec","Quebec","Capitale-Nationale",,"Québec"
"Mammals","11959","Canada","Canada","Quebec","Québec","Quebec","Capitale-Nationale",,"Québec"
"Mammals","11877","Canada","Canada","Quebec","Québec","Quebec","Capitale-Nationale",,"Québec"
"Mammals","11791","Canada","Canada","Quebec","Québec","Quebec","Capitale-Nationale",,"Québec"
"Mammals","11867","Canada","Canada","Quebec","Québec","Quebec","Capitale-Nationale",,"Québec"
"Mammals","11865","Canada","Canada","Quebec","Québec","Quebec","Capitale-Nationale",,"Québec"
"Mammals","12090","Canada","Canada","Quebec","Québec","Quebec","Capitale-Nationale",,"Québec"
"Mammals","12081","Canada","Canada","Quebec","Québec","Quebec","Capitale-Nationale",,"Québec"
"Mammals","11789","Canada","Canada","Quebec","Québec","Quebec","Capitale-Nationale",,"Québec"
"Mammals","11788","Canada","Canada","Quebec","Québec","Quebec","Capitale-Nationale",,"Québec"
"Mammals","12071","Canada","Canada","Quebec","Québec","Quebec","Capitale-Nationale",,"Québec"
"Mammals","11812","Canada","Canada","Quebec","Québec","Quebec","Capitale-Nationale",,"Québec"
"Mammals","12048","Canada","Canada","Quebec","Québec","Quebec","Capitale-Nationale",,"Québec"
"Mammals","11965","Canada","Canada","Quebec","Québec","Quebec","Capitale-Nationale",,"Québec"
"Mammals","12104","Canada","Canada","Quebec","Québec","Quebec","Capitale-Nationale",,"Québec"
"Mammals","11897","Canada","Canada","Quebec","Québec","Quebec","Capitale-Nationale",,"Québec"
"Mammals","11898","Canada","Canada","Quebec","Québec","Quebec","Capitale-Nationale",,"Québec"
"Mammals","11899","Canada","Canada","Quebec","Québec","Quebec","Capitale-Nationale",,"Québec"
"Mammals","11975","Canada","Canada","Quebec","Québec","Quebec","Capitale-Nationale",,"Québec"
"Mammals","11956","Canada","Canada","Quebec","Québec","Quebec","Capitale-Nationale",,"Québec"
"Mammals","11955","Canada","Canada","Quebec","Québec","Quebec","Capitale-Nationale",,"Québec"
"Mammals","11936","Canada","Canada","Quebec","Québec","Quebec","Capitale-Nationale",,"Québec"
"Mammals","11974","Canada","Canada","Quebec","Québec","Quebec","Capitale-Nationale",,"Québec"
"Mammals","11856","Canada","Canada","Quebec","Québec","Quebec","Capitale-Nationale",,"Québec"
"Mammals","12046","Canada","Canada","Quebec","Québec","Quebec","Capitale-Nationale",,"Québec"
"Mammals","11881","Canada","Canada","Quebec","Québec","Quebec","Capitale-Nationale",,"Québec"
"Mammals","11883","Canada","Canada","Quebec","Québec","Quebec","Capitale-Nationale",,"Québec"
"Mammals","11857","Canada","Canada","Quebec","Québec","Quebec","Capitale-Nationale",,"Québec"
"Mammals","11799","Canada","Canada","Quebec","Québec","Quebec","Capitale-Nationale",,"Québec"
"Mammals","11798","Canada","Canada","Quebec","Québec","Quebec","Capitale-Nationale",,"Québec"
"Mammals","11751","Canada","Canada","Quebec","Québec","Quebec","Capitale-Nationale",,"Québec"
"Mammals","11752","Canada","Canada","Quebec","Québec","Quebec","Capitale-Nationale",,"Québec"
"Mammals","11858","Canada","Canada","Quebec","Québec","Quebec","Capitale-Nationale",,"Québec"
"Mammals","12092","Canada","Canada","Quebec","Québec","Quebec","Capitale-Nationale",,"Québec"
"Mammals","12020","Canada","Canada","Quebec","Québec","Quebec","Capitale-Nationale",,"Québec"
"Mammals","12096","Canada","Canada","Quebec","Québec","Quebec","Capitale-Nationale",,"Québec"
"Mammals","12047","Canada","Canada","Quebec","Québec","Quebec","Capitale-Nationale",,"Québec"
"Mammals","12035","Canada","Canada","Quebec","Québec","Quebec","Capitale-Nationale",,"Québec"
"Mammals","12033","Canada","Canada","Quebec","Québec","Quebec","Capitale-Nationale",,"Québec"
"Mammals","12034","Canada","Canada","Quebec","Québec","Quebec","Capitale-Nationale",,"Québec"
"Mammals","12032","Canada","Canada","Quebec","Québec","Quebec","Capitale-Nationale",,"Québec"
"Mammals","12106","Canada","Canada","Quebec","Québec","Quebec","Capitale-Nationale",,"Québec"
"Mammals","11984","Canada","Canada","Quebec","Québec","Quebec","Capitale-Nationale",,"Québec"
"Mammals","11914","Canada","Canada","Quebec","Québec","Quebec","Capitale-Nationale",,"Québec"
"Mammals","11815","Canada","Canada","Quebec","Québec","Quebec","Capitale-Nationale",,"Québec"
"Mammals","11916","Canada","Canada","Quebec","Québec","Quebec","Capitale-Nationale",,"Québec"
"Mammals","12049","Canada","Canada","Quebec","Québec","Quebec","Capitale-Nationale",,"Québec"
"Mammals","11935","Canada","Canada","Quebec","Québec","Quebec","Capitale-Nationale",,"Québec"
"Mammals","12107","Canada","Canada","Quebec","Québec","Quebec","Capitale-Nationale",,"Québec"
"Mammals","11780","Canada","Canada","Quebec","Québec","Quebec","Capitale-Nationale",,"Québec"
"Mammals","11903","Canada","Canada","Quebec","Québec","Quebec","Capitale-Nationale",,"Québec"
"Mammals","11818","Canada","Canada","Quebec","Québec","Quebec","Capitale-Nationale",,"Québec"
"Mammals","11820","Canada","Canada","Quebec","Québec","Quebec","Capitale-Nationale",,"Québec"
"Mammals","11821","Canada","Canada","Quebec","Québec","Quebec","Capitale-Nationale",,"Québec"
"Mammals","12051","Canada","Canada","Quebec","Québec","Quebec","Capitale-Nationale",,"Québec"
"Mammals","11813","Canada","Canada","Quebec","Québec","Quebec","Capitale-Nationale",,"Québec"
"Mammals","12050","Canada","Canada","Quebec","Québec","Quebec","Capitale-Nationale",,"Québec"
"Mammals","12014","Canada","Canada","Quebec","Québec","Quebec","Capitale-Nationale",,"Québec"
"Mammals","11817","Canada","Canada","Quebec","Québec","Quebec","Capitale-Nationale",,"Québec"
"Mammals","12040","Canada","Canada","Quebec","Québec","Quebec","Capitale-Nationale",,"Québec"
"Mammals","11866","Canada","Canada","Quebec","Québec","Quebec","Capitale-Nationale",,"Québec"
"Mammals","11762","Canada","Canada","Quebec","Québec","Quebec","Capitale-Nationale",,"Québec"
"Mammals","11843","Canada","Canada","Quebec","Québec","Quebec","Capitale-Nationale",,"Québec"
"Mammals","11842","Canada","Canada","Quebec","Québec","Quebec","Capitale-Nationale",,"Québec"
"Mammals","11841","Canada","Canada","Quebec","Québec","Quebec","Capitale-Nationale",,"Québec"
"Mammals","11840","Canada","Canada","Quebec","Québec","Quebec","Capitale-Nationale",,"Québec"
"Mammals","11839","Canada","Canada","Quebec","Québec","Quebec","Capitale-Nationale",,"Québec"
"Mammals","11859","Canada","Canada","Quebec","Québec","Quebec","Capitale-Nationale",,"Québec"
"Mammals","11996","Canada","Canada","Quebec","Québec","Quebec","Capitale-Nationale",,"Québec"
"Mammals","11838","Canada","Canada","Quebec","Québec","Quebec","Capitale-Nationale",,"Québec"
"Mammals","11816","Canada","Canada","Quebec","Québec","Quebec","Capitale-Nationale",,"Québec"
"Mammals","11819","Canada","Canada","Quebec","Québec","Quebec","Capitale-Nationale",,"Québec"
"Mammals","11907","Canada","Canada","Quebec","Québec","Quebec","Capitale-Nationale",,"Québec"
"Mammals","11908","Canada","Canada","Quebec","Québec","Quebec","Capitale-Nationale",,"Québec"
"Mammals","11909","Canada","Canada","Quebec","Québec","Quebec","Capitale-Nationale",,"Québec"
"Mammals","11895","Canada","Canada","Quebec","Québec","Quebec","Capitale-Nationale",,"Québec"
"Mammals","11911","Canada","Canada","Quebec","Québec","Quebec","Capitale-Nationale",,"Québec"
"Mammals","12008","Canada","Canada","Quebec","Québec","Quebec","Capitale-Nationale",,"Québec"
"Mammals","11995","Canada","Canada","Quebec","Québec","Quebec","Capitale-Nationale",,"Québec"
"Mammals","11957","Canada","Canada","Quebec","Québec","Quebec","Capitale-Nationale",,"Québec"
"Mammals","11997","Canada","Canada","Quebec","Québec","Quebec","Capitale-Nationale",,"Québec"
"Mammals","12015","Canada","Canada","Quebec","Québec","Quebec","Capitale-Nationale",,"Québec"
"Mammals","12017","Canada","Canada","Quebec","Québec","Quebec","Capitale-Nationale",,"Québec"
"Mammals","12016","Canada","Canada","Quebec","Québec","Quebec","Capitale-Nationale",,"Québec"
"Mammals","11814","Canada","Canada","Quebec","Québec","Quebec","Capitale-Nationale",,"Québec"
"Mammals","11854","Canada","Canada","Quebec","Québec","Quebec","Capitale-Nationale",,"Québec"
"Mammals","11855","Canada","Canada","Quebec","Québec","Quebec","Capitale-Nationale",,"Québec"
"Mammals","11900","Canada","Canada","Quebec","Québec","Quebec","Capitale-Nationale",,"Québec"
"Mammals","12013","Canada","Canada","Quebec","Québec","Quebec","Capitale-Nationale",,"Québec"
"Mammals","11894","Canada","Canada","Quebec","Québec","Quebec","Capitale-Nationale",,"Québec"
"Mammals","12003","Canada","Canada","Quebec","Québec","Quebec","Capitale-Nationale",,"Québec"
"Mammals","11964","Canada","Canada","Quebec","Québec","Quebec","Capitale-Nationale",,"Québec"
"Mammals","11963","Canada","Canada","Quebec","Québec","Quebec","Capitale-Nationale",,"Québec"
"Mammals","11961","Canada","Canada","Quebec","Québec","Quebec","Capitale-Nationale",,"Québec"
"Mammals","11804","Canada","Canada","Quebec","Québec","Quebec","Capitale-Nationale",,"Québec"
"Mammals","11920","Canada","Canada","Quebec","Québec","Quebec","Capitale-Nationale",,"Québec"
"Mammals","12087","Canada","Canada","Quebec","Québec","Quebec","Capitale-Nationale",,"Québec"
"Mammals","11825","Canada","Canada","Quebec","Québec","Quebec","Capitale-Nationale",,"Québec"
"Mammals","11826","Canada","Canada","Quebec","Québec","Quebec","Capitale-Nationale",,"Québec"
"Mammals","11901","Canada","Canada","Quebec","Québec","Quebec","Capitale-Nationale",,"Québec"
"Mammals","11823","Canada","Canada","Quebec","Québec","Quebec","Capitale-Nationale",,"Québec"
"Mammals","12024","Canada","Canada","Quebec","Québec","Quebec","Capitale-Nationale",,"Québec"
"Mammals","12006","Canada","Canada","Quebec","Québec","Quebec","Capitale-Nationale",,"Québec"
"Mammals","12001","Canada","Canada","Quebec","Québec","Quebec","Capitale-Nationale",,"Québec"
"Mammals","11828","Canada","Canada","Quebec","Québec","Quebec","Capitale-Nationale",,"Québec"
"Mammals","12002","Canada","Canada","Quebec","Québec","Quebec","Capitale-Nationale",,"Québec"
"Mammals","12004","Canada","Canada","Quebec","Québec","Quebec","Capitale-Nationale",,"Québec"
"Mammals","12005","Canada","Canada","Quebec","Québec","Quebec","Capitale-Nationale",,"Québec"
"Mammals","11829","Canada","Canada","Quebec","Québec","Quebec","Capitale-Nationale",,"Québec"
"Mammals","11831","Canada","Canada","Quebec","Québec","Quebec","Capitale-Nationale",,"Québec"
"Mammals","12062","Canada","Canada","Quebec","Québec","Quebec","Capitale-Nationale",,"Québec"
"Mammals","11772","Canada","Canada","Quebec","Québec","Quebec","Capitale-Nationale",,"Québec"
"Mammals","11797","Canada","Canada","Quebec","Québec","Quebec","Capitale-Nationale",,"Québec"
"Mammals","12000","Canada","Canada","Quebec","Québec","Quebec","Capitale-Nationale",,"Québec"
"Mammals","11827","Canada","Canada","Quebec","Québec","Quebec","Capitale-Nationale",,"Québec"
"Mammals","11800","Canada","Canada","Quebec","Québec","Quebec","Capitale-Nationale",,"Québec"
"Mammals","12097","Canada","Canada","Quebec","Québec","Quebec","Capitale-Nationale",,"Québec"
"Mammals","12102","Canada","Canada","Quebec","Québec","Quebec","Capitale-Nationale",,"Québec"
"Mammals","11884","Canada","Canada","Quebec","Québec","Quebec","Capitale-Nationale",,"Québec"
"Mammals","11803","Canada","Canada","Quebec","Québec","Quebec","Capitale-Nationale",,"Québec"
"Mammals","11801","Canada","Canada","Quebec","Québec","Quebec","Capitale-Nationale",,"Québec"
"Mammals","12091","Canada","Canada","Quebec","Québec","Quebec","Capitale-Nationale",,"Québec"
"Mammals","12022","Canada","Canada","Quebec","Québec","Quebec","Capitale-Nationale",,"Québec"
"Mammals","11882","Canada","Canada","Quebec","Québec","Quebec","Capitale-Nationale",,"Québec"
"Mammals","12023","Canada","Canada","Quebec","Québec","Quebec","Capitale-Nationale",,"Québec"
"Mammals","11919","Canada","Canada","Quebec","Québec","Quebec","Capitale-Nationale",,"Québec"
"Mammals","11802","Canada","Canada","Quebec","Québec","Quebec","Capitale-Nationale",,"Québec"
"Mammals","11887","Canada","Canada","Quebec","Québec","Quebec","Capitale-Nationale",,"Québec"
"Mammals","11888","Canada","Canada","Quebec","Québec","Quebec","Capitale-Nationale",,"Québec"
"Mammals","12027","Canada","Canada","Quebec","Québec","Quebec","Capitale-Nationale",,"Québec"
"Mammals","12026","Canada","Canada","Quebec","Québec","Quebec","Capitale-Nationale",,"Québec"
"Mammals","11918","Canada","Canada","Quebec","Québec","Quebec","Capitale-Nationale",,"Québec"
"Mammals","12025","Canada","Canada","Quebec","Québec","Quebec","Capitale-Nationale",,"Québec"
"Mammals","11990","Canada","Canada","Quebec","Québec","Quebec","Capitale-Nationale",,"Québec"
"Mammals","11805","Canada","Canada","Quebec","Québec","Quebec","Capitale-Nationale",,"Québec"
"Mammals","11878","Canada","Canada","Quebec","Québec","Quebec","Capitale-Nationale",,"Québec"
"Mammals","11771","Canada","Canada","Quebec","Québec","Quebec","Capitale-Nationale",,"Québec"
"Mammals","11822","Canada","Canada","Quebec","Québec","Quebec","Capitale-Nationale",,"Québec"
"Mammals","12039","Canada","Canada","Quebec","Québec","Quebec","Capitale-Nationale",,"Québec"
"Mammals","12066","Canada","Canada","Quebec","Québec","Quebec","Capitale-Nationale",,"Québec"
"Mammals","11876","Canada","Canada","Quebec","Québec","Quebec","Capitale-Nationale",,"Québec"
"Mammals","11928","Canada","Canada","Quebec","Québec","Quebec","Capitale-Nationale",,"Québec"
"Mammals","11927","Canada","Canada","Quebec","Québec","Quebec","Capitale-Nationale",,"Québec"
"Mammals","11929","Canada","Canada","Quebec","Québec","Quebec","Capitale-Nationale",,"Québec"
"Mammals","11830","Canada","Canada","Quebec","Québec","Quebec","Capitale-Nationale",,"Québec"
"Mammals","11792","Canada","Canada","Quebec","Québec","Quebec","Capitale-Nationale",,"Québec"
"Mammals","11921","Canada","Canada","Quebec","Québec","Quebec","Capitale-Nationale",,"Québec"
"Mammals","11795","Canada","Canada","Quebec","Québec","Quebec","Capitale-Nationale",,"Québec"
"Mammals","11794","Canada","Canada","Quebec","Québec","Quebec","Capitale-Nationale",,"Québec"
"Mammals","12038","Canada","Canada","Quebec","Québec","Quebec","Capitale-Nationale",,"Québec"
"Mammals","11853","Canada","Canada","Quebec","Québec","Quebec","Capitale-Nationale",,"Québec"
"Mammals","11747","Canada","Canada","Quebec","Québec","Quebec","Capitale-Nationale",,"Québec"
"Mammals","11748","Canada","Canada","Quebec","Québec","Quebec","Capitale-Nationale",,"Québec"
"Mammals","11851","Canada","Canada","Quebec","Québec","Quebec","Capitale-Nationale",,"Québec"
"Mammals","11852","Canada","Canada","Quebec","Québec","Quebec","Capitale-Nationale",,"Québec"
"Mammals","12101","Canada","Canada","Quebec","Québec","Quebec","Capitale-Nationale",,"Québec"
"Mammals","11796","Canada","Canada","Quebec","Québec","Quebec","Capitale-Nationale",,"Québec"
"Mammals","12037","Canada","Canada","Quebec","Québec","Quebec","Capitale-Nationale",,"Québec"
"Mammals","11993","Canada","Canada","Quebec","Québec","Quebec","Capitale-Nationale",,"Québec"
"Mammals","11905","Canada","Canada","Quebec","Québec","Quebec","Capitale-Nationale",,"Québec"
"Mammals","11994","Canada","Canada","Quebec","Québec","Quebec","Capitale-Nationale",,"Québec"
"Mammals","11981","Canada","Canada","Quebec","Québec","Quebec","Capitale-Nationale",,"Québec"
"Mammals","11980","Canada","Canada","Quebec","Québec","Quebec","Capitale-Nationale",,"Québec"
"Mammals","11979","Canada","Canada","Quebec","Québec","Quebec","Capitale-Nationale",,"Québec"
"Mammals","11978","Canada","Canada","Quebec","Québec","Quebec","Capitale-Nationale",,"Québec"
"Mammals","11977","Canada","Canada","Quebec","Québec","Quebec","Capitale-Nationale",,"Québec"
"Mammals","11976","Canada","Canada","Quebec","Québec","Quebec","Capitale-Nationale",,"Québec"
"Mammals","11951","Canada","Canada","Quebec","Québec","Quebec","Capitale-Nationale",,"Québec"
"Mammals","11930","Canada","Canada","Quebec","Québec","Quebec","Capitale-Nationale",,"Québec"
"Mammals","11922","Canada","Canada","Quebec","Québec","Quebec","Capitale-Nationale",,"Québec"
"Mammals","11742","Canada","Canada","Quebec","Québec","Quebec","Capitale-Nationale",,"Québec"
"Mammals","11741","Canada","Canada","Quebec","Québec","Quebec","Capitale-Nationale",,"Québec"
"Mammals","12036","Canada","Canada","Quebec","Québec","Quebec","Capitale-Nationale",,"Québec"
"Mammals","11970","Canada","Canada","Quebec","Québec","Quebec","Capitale-Nationale",,"Québec"
"Mammals","11790","Canada","Canada","Quebec","Québec","Quebec","Capitale-Nationale",,"Québec"
"Mammals","11793","Canada","Canada","Quebec","Québec","Quebec","Capitale-Nationale",,"Québec"
"Mammals","11950","Canada","Canada","Quebec","Québec","Quebec","Capitale-Nationale",,"Québec"
"Mammals","12064","Canada","Canada","Quebec","Québec","Quebec","Capitale-Nationale",,"Québec"
"Mammals","11992","Canada","Canada","Quebec","Québec","Quebec","Capitale-Nationale",,"Québec"
"Mammals","11968","Canada","Canada","Quebec","Québec","Quebec","Capitale-Nationale",,"Québec"
"Mammals","11971","Canada","Canada","Quebec","Québec","Quebec","Capitale-Nationale",,"Québec"
"Mammals","11972","Canada","Canada","Quebec","Québec","Quebec","Capitale-Nationale",,"Québec"
"Mammals","11989","Canada","Canada","Quebec","Québec","Quebec","Capitale-Nationale",,"Québec"
"Mammals","11942","Canada","Canada","Quebec","Québec","Quebec","Capitale-Nationale",,"Québec"
"Mammals","12041","Canada","Canada","Quebec","Québec","Quebec","Capitale-Nationale",,"Québec"
"Mammals","11940","Canada","Canada","Quebec","Québec","Quebec","Capitale-Nationale",,"Québec"
"Mammals","11946","Canada","Canada","Quebec","Québec","Quebec","Capitale-Nationale",,"Québec"
"Mammals","11947","Canada","Canada","Quebec","Québec","Quebec","Capitale-Nationale",,"Québec"
"Mammals","11991","Canada","Canada","Quebec","Québec","Quebec","Capitale-Nationale",,"Québec"
"Mammals","11949","Canada","Canada","Quebec","Québec","Quebec","Capitale-Nationale",,"Québec"
"Mammals","11870","Canada","Canada","Quebec","Québec","Quebec","Capitale-Nationale",,"Québec"
"Mammals","11944","Canada","Canada","Quebec","Québec","Quebec","Capitale-Nationale",,"Québec"
"Mammals","11973","Canada","Canada","Quebec","Québec","Quebec","Capitale-Nationale",,"Québec"
"Mammals","11943","Canada","Canada","Quebec","Québec","Quebec","Capitale-Nationale",,"Québec"
"Mammals","12042","Canada","Canada","Quebec","Québec","Quebec","Capitale-Nationale",,"Québec"
"Mammals","12043","Canada","Canada","Quebec","Québec","Quebec","Capitale-Nationale",,"Québec"
"Mammals","12044","Canada","Canada","Quebec","Québec","Quebec","Capitale-Nationale",,"Québec"
"Mammals","12045","Canada","Canada","Quebec","Québec","Quebec","Capitale-Nationale",,"Québec"
"Mammals","11860","Canada","Canada","Quebec","Québec","Quebec","Capitale-Nationale",,"Québec"
"Mammals","11948","Canada","Canada","Quebec","Québec","Quebec","Capitale-Nationale",,"Québec"
"Mammals","11750","Canada","Canada","Quebec","Québec","Quebec","Capitale-Nationale",,"Québec"
"Mammals","11749","Canada","Canada","Quebec","Québec","Quebec","Capitale-Nationale",,"Québec"
"Mammals","11835","Canada","Canada","Quebec","Québec","Quebec","Capitale-Nationale",,"Québec"
"Mammals","12056","Canada","Canada","Quebec","Québec","Quebec","Capitale-Nationale",,"Québec"
"Mammals","12058","Canada","Canada","Quebec","Québec","Quebec","Capitale-Nationale",,"Québec"
"Mammals","12060","Canada","Canada","Quebec","Québec","Quebec","Capitale-Nationale",,"Québec"
"Mammals","12059","Canada","Canada","Quebec","Québec","Quebec","Capitale-Nationale",,"Québec"
"Mammals","12055","Canada","Canada","Quebec","Québec","Quebec","Capitale-Nationale",,"Québec"
"Mammals","11988","Canada","Canada","Quebec","Québec","Quebec","Capitale-Nationale",,"Québec"
"Mammals","12054","Canada","Canada","Quebec","Québec","Quebec","Capitale-Nationale",,"Québec"
"Mammals","12057","Canada","Canada","Quebec","Québec","Quebec","Capitale-Nationale",,"Québec"
"Mammals","11871","Canada","Canada","Quebec","Québec","Quebec","Capitale-Nationale",,"Québec"
"Mammals","11915","Canada","Canada","Quebec","Québec","Quebec","Capitale-Nationale",,"Québec"
"Mammals","11873","Canada","Canada","Quebec","Québec","Quebec","Capitale-Nationale",,"Québec"
"Mammals","11874","Canada","Canada","Quebec","Québec","Quebec","Capitale-Nationale",,"Québec"
"Mammals","11875","Canada","Canada","Quebec","Québec","Quebec","Capitale-Nationale",,"Québec"
"Mammals","11912","Canada","Canada","Quebec","Québec","Quebec","Capitale-Nationale",,"Québec"
"Mammals","11913","Canada","Canada","Quebec","Québec","Quebec","Capitale-Nationale",,"Québec"
"Mammals","11902","Canada","Canada","Quebec","Québec","Quebec","Capitale-Nationale",,"Québec"
"Mammals","12052","Canada","Canada","Quebec","Québec","Quebec","Capitale-Nationale",,"Québec"
"Mammals","12099","Canada","Canada","Quebec","Québec","Quebec","Capitale-Nationale",,"Québec"
"Mammals","11769","Canada","Canada","Quebec","Québec","Quebec","Capitale-Nationale",,"Québec"
"Mammals","11770","Canada","Canada","Quebec","Québec","Quebec","Capitale-Nationale",,"Québec"
"Mammals","11773","Canada","Canada","Quebec","Québec","Quebec","Capitale-Nationale",,"Québec"
"Mammals","11775","Canada","Canada","Quebec","Québec","Quebec","Capitale-Nationale",,"Québec"
"Mammals","11777","Canada","Canada","Quebec","Québec","Quebec","Capitale-Nationale",,"Québec"
"Mammals","11778","Canada","Canada","Quebec","Québec","Quebec","Capitale-Nationale",,"Québec"
"Mammals","11824","Canada","Canada","Quebec","Québec","Quebec","Capitale-Nationale",,"Québec"
"Mammals","11832","Canada","Canada","Quebec","Québec","Quebec","Capitale-Nationale",,"Québec"
"Mammals","12110","Canada","Canada","Quebec","Québec","Quebec","Capitale-Nationale",,"Québec"
"Mammals","11966","Canada","Canada","Quebec","Québec","Quebec","Capitale-Nationale",,"Québec"
"Mammals","12098","Canada","Canada","Quebec","Québec","Quebec","Capitale-Nationale",,"Québec"
"Mammals","12075","Canada","Canada","Quebec","Québec","Quebec","Capitale-Nationale",,"Québec"
"Mammals","12074","Canada","Canada","Quebec","Québec","Quebec","Capitale-Nationale",,"Québec"
"Mammals","12072","Canada","Canada","Quebec","Québec","Quebec","Capitale-Nationale",,"Québec"
"Mammals","11836","Canada","Canada","Quebec","Québec","Quebec","Capitale-Nationale",,"Québec"
"Mammals","12007","Canada","Canada","Quebec","Québec","Quebec","Capitale-Nationale",,"Québec"
"Mammals","11774","Canada","Canada","Quebec","Québec","Quebec","Capitale-Nationale",,"Québec"
"Mammals","11834","Canada","Canada","Quebec","Québec","Quebec","Capitale-Nationale",,"Québec"
"Mammals","11833","Canada","Canada","Quebec","Québec","Quebec","Capitale-Nationale",,"Québec"
"Mammals","11937","Canada","Canada","Quebec","Québec","Quebec","Capitale-Nationale",,"Québec"
"Mammals","11941","Canada","Canada","Quebec","Québec","Quebec","Capitale-Nationale",,"Québec"
"Mammals","11939","Canada","Canada","Quebec","Québec","Quebec","Capitale-Nationale",,"Québec"
"Mammals","11745","Canada","Canada","Quebec","Québec","Quebec","Capitale-Nationale",,"Québec"
"Mammals","11744","Canada","Canada","Quebec","Québec","Quebec","Capitale-Nationale",,"Québec"
"Mammals","11933","Canada","Canada","Quebec","Québec","Quebec","Capitale-Nationale",,"Québec"
"Mammals","11746","Canada","Canada","Quebec","Québec","Quebec","Capitale-Nationale",,"Québec"
"Mammals","11776","Canada","Canada","Quebec","Québec","Quebec","Capitale-Nationale",,"Québec"
"Mammals","11938","Canada","Canada","Quebec","Québec","Quebec","Capitale-Nationale",,"Québec"
"Mammals","11740","Canada","Canada","Quebec","Québec","Quebec","Capitale-Nationale",,"Québec"
"Mammals","11967","Canada","Canada","Quebec","Québec","Quebec","Capitale-Nationale",,"Québec"
"Mammals","11945","Canada","Canada","Quebec","Québec","Quebec","Capitale-Nationale",,"Québec"
"Mammals","11934","Canada","Canada","Quebec","Québec","Quebec","Capitale-Nationale",,"Québec"
"Mammals","12009","Canada","Canada","Quebec","Québec","Quebec","Capitale-Nationale",,"Québec"
"Mammals","12012","Canada","Canada","Quebec","Québec","Quebec","Capitale-Nationale",,"Québec"
"Mammals","12011","Canada","Canada","Quebec","Québec","Quebec","Capitale-Nationale",,"Québec"
"Mammals","12010","Canada","Canada","Quebec","Québec","Quebec","Capitale-Nationale",,"Québec"
"Mammals","11743","Canada","Canada","Quebec","Québec","Quebec","Capitale-Nationale",,"Québec"
"Mammals","12078","Canada","Canada","Quebec","Québec","Quebec","Capitale-Nationale",,"Québec"
"Mammals","12082","Canada","Canada","Quebec","Québec","Quebec","Capitale-Nationale",,"Québec"
"Mammals","12073","Canada","Canada","Quebec","Québec","Quebec","Capitale-Nationale",,"Québec"
"Mammals","11889","Canada","Canada","Quebec","Québec","Quebec","Capitale-Nationale",,"Québec"
"Mammals","11847","Canada","Canada","Quebec","Québec","Quebec","Capitale-Nationale",,"Québec"
"Mammals","12029","Canada","Canada","Quebec","Québec","Quebec","Capitale-Nationale",,"Québec"
"Mammals","12028","Canada","Canada","Quebec","Québec","Quebec","Capitale-Nationale",,"Québec"
"Mammals","12080","Canada","Canada","Quebec","Québec","Quebec","Capitale-Nationale",,"Québec"
"Mammals","11969","Canada","Canada","Quebec","Québec","Quebec","Capitale-Nationale",,"Québec"
"Mammals","12077","Canada","Canada","Quebec","Québec","Quebec","Capitale-Nationale",,"Québec"
"Mammals","12086","Canada","Canada","Quebec","Québec","Quebec","Capitale-Nationale",,"Québec"
"Mammals","12083","Canada","Canada","Quebec","Québec","Quebec","Capitale-Nationale",,"Québec"
"Mammals","11892","Canada","Canada","Quebec","Québec","Quebec","Capitale-Nationale",,"Québec"
"Mammals","11784","Canada","Canada","Quebec","Québec","Quebec","Capitale-Nationale",,"Québec"
"Mammals","11848","Canada","Canada","Quebec","Québec","Quebec","Capitale-Nationale",,"Québec"
"Mammals","12031","Canada","Canada","Quebec","Québec","Quebec","Capitale-Nationale",,"Québec"
"Mammals","11849","Canada","Canada","Quebec","Québec","Quebec","Capitale-Nationale",,"Québec"
"Mammals","11845","Canada","Canada","Quebec","Québec","Quebec","Capitale-Nationale",,"Québec"
"Mammals","11891","Canada","Canada","Quebec","Québec","Quebec","Capitale-Nationale",,"Québec"
"Mammals","11893","Canada","Canada","Quebec","Québec","Quebec","Capitale-Nationale",,"Québec"
"Mammals","12030","Canada","Canada","Quebec","Québec","Quebec","Capitale-Nationale",,"Québec"
"Mammals","11846","Canada","Canada","Quebec","Québec","Quebec","Capitale-Nationale",,"Québec"
"Mammals","12089","Canada","Canada","Quebec","Québec","Quebec","Capitale-Nationale",,"Québec"
"Mammals","11786","Canada","Canada","Quebec","Québec","Quebec","Capitale-Nationale",,"Québec"
"Mammals","11844","Canada","Canada","Quebec","Québec","Quebec","Capitale-Nationale",,"Québec"
"Mammals","11787","Canada","Canada","Quebec","Québec","Quebec","Capitale-Nationale",,"Québec"
"Mammals","12088","Canada","Canada","Quebec","Québec","Quebec","Capitale-Nationale",,"Québec"
"Mammals","11785","Canada","Canada","Quebec","Québec","Quebec","Capitale-Nationale",,"Québec"
"Mammals","11890","Canada","Canada","Quebec","Québec","Quebec","Capitale-Nationale",,"Québec"
"Mammals","11783","Canada","Canada","Quebec","Québec","Quebec","Capitale-Nationale",,"Québec"
"Mammals","12103","Canada","Canada","Quebec","Québec","Quebec","Capitale-Nationale",,"Québec"
"Mammals","11931","Canada","Canada","Quebec","Québec","Quebec","Capitale-Nationale",,"Québec"
"Mammals","11782","Canada","Canada","Quebec","Québec","Quebec","Capitale-Nationale",,"Québec"
"Mammals","11781","Canada","Canada","Quebec","Québec","Quebec","Capitale-Nationale",,"Québec"
