"collectionCode","catalogNumber","verbatimContinent","Continent","verbatimWaterBody","Waterbody"
"Mammals","9102240016","Asia","Europe",,
"Mammals","9111010186","Australia","Australasia",,
"Mammals","31219","Australia","Australasia",,
"Mammals","48049","Australia","Australasia",,
"Mammals","31165","Australia","Australasia",,
"Mammals","48047","Australia","Australasia",,
"Mammals","48048","Australia","Australasia",,
"Mammals","48050","Australia","Australasia",,
"Mammals","9111010116","Australia","Australasia",,
"Mammals","9111010117","Australia","Australasia",,
"Mammals","31217","Australia","Australasia",,
"Mammals","31218","Australia","Australasia",,
"Mammals","48046","Australia","Australasia",,
"Mammals","9111010185","Australia","Australasia",,
"Mammals","53702","Australia","Australasia",,
"Mammals","67051","Australia","Australasia",,
"Mammals","46991","Australia","Australasia",,
"Mammals","46990","Australia","Australasia",,
"Mammals","1011160010","Australia","Australasia",,
"Mammals","9012190013","Australia","Australasia",,
"Mammals","0102010012","Australia","Australasia",,
"Mammals","46993","Australia","Australasia",,
"Mammals","9012190009","Australia","Australasia",,
"Mammals","46988","Australia","Australasia",,
"Mammals","46989","Australia","Australasia",,
"Mammals","9102240020","Australia","Australasia",,
"Mammals","9110010026","Australia","Australasia",,
"Mammals","9812300004","Australia","Australasia",,
"Mammals","1012230001","Australia","Australasia",,
"Mammals","7106010003","Australia","Australasia",,
"Mammals","13148","Australia","Australasia",,
"Mammals","0102010014","Australia","Australasia",,
"Mammals","0011290010","Australia","Australasia",,
"Mammals","0012090009","Australia","Australasia",,
"Mammals","7106010006","Australia","Australasia",,
"Mammals","0011290011","Australia","Australasia",,
"Mammals","0102010015","Australia","Australasia",,
"Mammals","46987","Australia","Australasia",,
"Mammals","46992","Australia","Australasia",,
"Mammals","8606010001","Australia","Australasia",,
"Mammals","7906010008","Australia","Australasia",,
"Mammals","0102010011","Australia","Australasia",,
"Mammals","9110010027","Australia","Australasia",,
"Mammals","0102010017","Australia","Australasia",,
"Mammals","34141","Australia","Australasia",,
"Mammals","48058","Australia","Australasia",,
"Mammals","70614","Australia","Australasia",,
"Mammals","58396","Australia","Australasia",,
"Mammals","48051","Australia","Australasia",,
"Mammals","48052","Australia","Australasia",,
"Mammals","46008","Australia","Australasia",,
"Mammals","46009","Australia","Australasia",,
"Mammals","48056","Australia","Australasia",,
"Mammals","48055","Australia","Australasia",,
"Mammals","77791","Australia","Australasia",,
"Mammals","57320","Australia","Australasia",,
"Mammals","57757","Australia","Australasia",,
"Mammals","78355","Australia","Australasia",,
"Mammals","48053","Australia","Australasia",,
"Mammals","48054","Australia","Australasia",,
"Mammals","46012","Australia","Australasia",,
"Mammals","46010","Australia","Australasia",,
"Mammals","48045","Australia","Australasia",,
"Mammals","90712","Australia","Australasia",,
"Mammals","0011280024","Australia","Australasia",,
"Mammals","90714","Australia","Australasia",,
"Mammals","90713","Australia","Australasia",,
"Mammals","58420","Australia","Australasia",,
"Mammals","58426","Australia","Australasia",,
"Mammals","58418","Australia","Australasia",,
"Mammals","58417","Australia","Australasia",,
"Mammals","58419","Australia","Australasia",,
"Mammals","58416","Australia","Australasia",,
"Mammals","58415","Australia","Australasia",,
"Mammals","58397","Australia","Australasia",,
"Mammals","58414","Australia","Australasia",,
"Mammals","58413","Australia","Australasia",,
"Mammals","58412","Australia","Australasia",,
"Mammals","9111010194","Australia","Australasia",,
"Mammals","58411","Australia","Australasia",,
"Mammals","58400","Australia","Australasia",,
"Mammals","58406","Australia","Australasia",,
"Mammals","58405","Australia","Australasia",,
"Mammals","58398","Australia","Australasia",,
"Mammals","58409","Australia","Australasia",,
"Mammals","58408","Australia","Australasia",,
"Mammals","58399","Australia","Australasia",,
"Mammals","58407","Australia","Australasia",,
"Mammals","58410","Australia","Australasia",,
"Mammals","9111010019","Australia","Australasia",,
"Mammals","58427","Australia","Australasia",,
"Mammals","0790901004","Australia","Australasia",,
"Mammals","78133","Australia","Australasia",,
"Mammals","46004","Australia","Australasia",,
"Mammals","9111010182","Australia","Australasia",,
"Mammals","45680","Australia","Australasia",,
"Mammals","45681","Australia","Australasia",,
"Mammals","45999","Australia","Australasia",,
"Mammals","45689","Australia","Australasia",,
"Mammals","45997","Australia","Australasia",,
"Mammals","78136","Australia","Australasia",,
"Mammals","46005","Australia","Australasia",,
"Mammals","78135","Australia","Australasia",,
"Mammals","46003","Australia","Australasia",,
"Mammals","45684","Australia","Australasia",,
"Mammals","45998","Australia","Australasia",,
"Mammals","9111010184","Australia","Australasia",,
"Mammals","9111010188","Australia","Australasia",,
"Mammals","9111010180","Australia","Australasia",,
"Mammals","9111010115","Australia","Australasia",,
"Mammals","46001","Australia","Australasia",,
"Mammals","46011","Australia","Australasia",,
"Mammals","102789","Australia","Australasia",,
"Mammals","58425","Australia","Australasia",,
"Mammals","45687","Australia","Australasia",,
"Mammals","45686","Australia","Australasia",,
"Mammals","45685","Australia","Australasia",,
"Mammals","45683","Australia","Australasia",,
"Mammals","78134","Australia","Australasia",,
"Mammals","45682","Australia","Australasia",,
"Mammals","45688","Australia","Australasia",,
"Mammals","46000","Australia","Australasia",,
"Mammals","9111010191","Australia","Australasia",,
"Mammals","9111010192","Australia","Australasia",,
"Mammals","46006","Australia","Australasia",,
"Mammals","46007","Australia","Australasia",,
"Mammals","78356","Australia","Australasia",,
"Mammals","78264","Australia","Australasia",,
"Mammals","78739","Australia","Australasia",,
"Mammals","9111010190","Australia","Australasia",,
"Mammals","46002","Australia","Australasia",,
"Mammals","7106010005","Australia","Australasia",,
"Mammals","7909010004","Australia","Australasia",,
"Mammals","7106010001","Australia","Australasia",,
"Mammals","9111010183","Australia","Australasia",,
"Mammals","58424","Australia","Australasia",,
"Mammals","58423","Australia","Australasia",,
"Mammals","58404","Australia","Australasia",,
"Mammals","58422","Australia","Australasia",,
"Mammals","58421","Australia","Australasia",,
"Mammals","94160","Australia","Australasia",,
"Mammals","94161","Australia","Australasia",,
"Mammals","94163","Australia","Australasia",,
"Mammals","94162","Australia","Australasia",,
"Mammals","46936","AUSTRALIA","Australasia",,
"Mammals","46935","AUSTRALIA","Australasia",,
"Mammals","0101300082","AUSTRALIA","Australasia",,
"Mammals","0102010007","AUSTRALIA","Australasia",,
"Mammals","0102010006","AUSTRALIA","Australasia",,
"Mammals","3410030002","AUSTRALIA","Australasia",,
"Mammals","70617","Australia","Australasia",,
"Mammals","70612","Australia","Australasia",,
"Mammals","70613","Australia","Australasia",,
"Mammals","53698","Australia","Australasia",,
"Mammals","9111010187","Australia","Australasia",,
"Mammals","9111010179","Australia","Australasia",,
"Mammals","58401","Australia","Australasia",,
"Mammals","58403","Australia","Australasia",,
"Mammals","102788","Australia","Australasia",,
"Mammals","58402","Australia","Australasia",,
"Mammals","102785","Australia","Australasia",,
"Mammals","51138","Australia","Australasia",,
"Mammals","0011280019","Europe","North America",,
"Mammals","91239","North America","Oceania",,"North Pacific Ocean"
"Mammals","79793","North America","Oceania",,"North Pacific Ocean"
"Mammals","79794","North America","Oceania",,"North Pacific Ocean"
"Mammals","16903","Unknown",,,
"Mammals","3211150002","Unknown",,,
"Mammals","3211170020","Unknown",,,
"Mammals","111238","Unknown",,,
"Mammals","20175","Unknown",,,
"Mammals","25284","Unknown",,,
"Mammals","15544","Unknown",,,
"Mammals","3612020003","Unknown",,,
"Mammals","16420","Unknown",,,
"Mammals","111245","Unknown",,,
"Mammals","94050","Unknown",,,
"Mammals","94054","Unknown",,,
"Mammals","94055","Unknown",,,
"Mammals","94057","Unknown",,,
"Mammals","94048","Unknown",,,
"Mammals","8606010008","Unknown",,,
"Mammals","91954","Unknown",,,
"Mammals","94056","Unknown",,,
"Mammals","16889","Unknown",,,
"Mammals","2509100001","Unknown",,,
"Mammals","17591","Unknown",,,
"Mammals","15559","Unknown",,,
"Mammals","2802180001","Unknown",,,
"Mammals","94047","Unknown",,,
"Mammals","25287","Unknown",,,
"Mammals","19514","Unknown",,,
"Mammals","7506010003","Unknown",,,
"Mammals","2705020201","Unknown",,,
"Mammals","0011210012","Unknown",,,
"Mammals","21998","Unknown",,,
"Mammals","0102210001","Unknown",,,
"Mammals","1301150002","Unknown",,,
"Mammals","9110010025","Unknown",,,
"Mammals","2705020230","Unknown",,,
"Mammals","9012190007","Unknown",,,
"Mammals","3405090038","Unknown",,,
"Mammals","1604240001","Unknown",,,
"Mammals","2412310002","Unknown",,,
"Mammals","2412310001","Unknown",,,
"Mammals","83106","Unknown",,,
"Mammals","27569","Unknown",,,
"Mammals","3405090039","Unknown",,,
"Mammals","67619","Unknown",,,
"Mammals","3211080030","Unknown",,,
"Mammals","15553","Unknown",,,
"Mammals","2705020229","Unknown",,,
"Mammals","3205170002","Unknown",,,
"Mammals","94053","Unknown",,,
"Mammals","2703140001","Unknown",,,
"Mammals","2210160001","Unknown",,,
"Mammals","15546","Unknown",,,
"Mammals","3501230001","Unknown",,,
"Mammals","2705020305","Unknown",,,
"Mammals","119907","Unknown",,,
"Mammals","3211080033","Unknown",,,
"Mammals","2705020307","Unknown",,,
"Mammals","3106200001","Unknown",,,
"Mammals","3211080031","Unknown",,,
"Mammals","15551","Unknown",,,
"Mammals","111447","Unknown",,,
"Mammals","87910","Unknown",,,
"Mammals","0101300039","Unknown",,,
"Mammals","83103","Unknown",,,
"Mammals","14426","Unknown",,,
"Mammals","37265","Unknown",,,
"Mammals","111234","Unknown",,,
"Mammals","111248","Unknown",,,
"Mammals","3211080029","Unknown",,,
"Mammals","1011160009","Unknown",,,
"Mammals","83105","Unknown",,,
"Mammals","87307","Unknown",,,
"Mammals","111241","Unknown",,,
"Mammals","27631","Unknown",,,
"Mammals","3211080025","Unknown",,,
"Mammals","0011120007","Unknown",,,
"Mammals","83102","Unknown",,,
"Mammals","83104","Unknown",,,
"Mammals","2312080004","Unknown",,,
"Mammals","9110010016","Unknown",,,
"Mammals","91263","Unknown",,,
"Mammals","34137","Unknown",,,
"Mammals","3406030001","Unknown",,,
"Mammals","83107","Unknown",,,
"Mammals","8608240005","Unknown",,,
"Mammals","88923","Unknown",,,
"Mammals","3211080032","Unknown",,,
"Mammals","3211150003","Unknown",,,
"Mammals","2410140004","Unknown",,,
"Mammals","83101","Unknown",,,
"Mammals","102747","Unknown",,,
"Mammals","101755","Unknown",,,
"Mammals","3211080028","Unknown",,,
"Mammals","66883","Unknown",,,
"Mammals","102751","Unknown",,,
"Mammals","111235","Unknown",,,
"Mammals","96757","Unknown",,,
"Mammals","88093","Unknown",,,
"Mammals","102750","Unknown",,,
"Mammals","3211150001","Unknown",,,
"Mammals","102749","Unknown",,,
"Mammals","89628","Unknown",,,
"Mammals","94049","Unknown",,,
"Mammals","105846","Unknown",,,
"Mammals","106294","Unknown",,,
"Mammals","27632","Unknown",,,
"Mammals","94051","Unknown",,,
"Mammals","3211150004","Unknown",,,
"Mammals","27570","Unknown",,,
"Mammals","111240","Unknown",,,
"Mammals","87911","Unknown",,,
"Mammals","111242","Unknown",,,
"Mammals","111243","Unknown",,,
"Mammals","111244","Unknown",,,
"Mammals","102752","Unknown",,,
"Mammals","111247","Unknown",,,
"Mammals","94052","Unknown",,,
"Mammals","27579","Unknown",,,
"Mammals","27582","Unknown",,,
"Mammals","88092","Unknown",,,
"Mammals","106299","Unknown",,,
"Mammals","110424","Unknown",,,
"Mammals","102748","Unknown",,,
"Mammals","111246","Unknown",,,
"Mammals","22208","Unknown",,,
"Mammals","0102080008","Unknown",,,
"Mammals","1901070020","Unknown",,,
"Mammals","101732","Unknown",,,
"Mammals","1901070023","Unknown",,,
"Mammals","1805010014","Unknown",,,
"Mammals","1901070034","Unknown",,,
"Mammals","2612170047","Unknown",,,
"Mammals","27956","Unknown",,,
"Mammals","3405090037","Unknown",,,
"Mammals","3201120001","Unknown",,,
"Mammals","3108290003","Unknown",,,
"Mammals","3211300012","Unknown",,,
"Mammals","101578","Unknown",,,
"Mammals","3306200023","Unknown",,,
"Mammals","101707","Unknown",,,
"Mammals","77700","Unknown",,,
"Mammals","85747","Unknown",,,
"Mammals","79685","Unknown",,,
"Mammals","101603","Unknown",,,
"Mammals","0112130001","Unknown",,,
"Mammals","3009200082","Unknown",,,
"Mammals","0011210008","Unknown",,,
"Mammals","1201230499","Unknown",,,
"Mammals","101714","Unknown",,,
"Mammals","94950","Unknown",,,
"Mammals","0101300042","Unknown",,,
"Mammals","1403250002","Unknown",,,
"Mammals","3104210002","Unknown",,,
"Mammals","101814","Unknown",,,
"Mammals","2807070003","Unknown",,,
"Mammals","0903040005","Unknown",,,
"Mammals","67563","Unknown",,,
"Mammals","0101300053","Unknown",,,
"Mammals","11413","Unknown",,,
"Mammals","0101300029","Unknown",,,
"Mammals","2705020212","Unknown",,,
"Mammals","9401080002","Unknown",,,
"Mammals","101781","Unknown",,,
"Mammals","2712100030","Unknown",,,
"Mammals","2705020207","Unknown",,,
"Mammals","101805","Unknown",,,
"Mammals","0011160003","Unknown",,,
"Mammals","20355","Unknown",,,
"Mammals","3306200008","Unknown",,,
"Mammals","2209250019","Unknown",,,
"Mammals","9401080003","Unknown",,,
"Mammals","2705020303","Unknown",,,
"Mammals","0011160007","Unknown",,,
"Mammals","1013000230","Unknown",,,
"Mammals","7001010051","Unknown",,,
"Mammals","3501200001","Unknown",,,
"Mammals","2709110078","Unknown",,,
"Mammals","3306200030","Unknown",,,
"Mammals","3306200024","Unknown",,,
"Mammals","101807","Unknown",,,
"Mammals","44630","Unknown",,,
"Mammals","3103070001","Unknown",,,
"Mammals","9608060001","Unknown",,,
"Mammals","0102080005","Unknown",,,
"Mammals","77701","Unknown",,,
"Mammals","1201230489","Unknown",,,
"Mammals","1704190029","Unknown",,,
"Mammals","1811170001","Unknown",,,
"Mammals","3206100005","Unknown",,,
"Mammals","1910080073","Unknown",,,
"Mammals","1802260001","Unknown",,,
"Mammals","87907","Unknown",,,
"Mammals","87908","Unknown",,,
"Mammals","3201150003","Unknown",,,
"Mammals","1910080093","Unknown",,,
"Mammals","1201230497","Unknown",,,
"Mammals","102488","Unknown",,,
"Mammals","18421","Unknown",,,
"Mammals","0101300028","Unknown",,,
"Mammals","15459","Unknown",,,
"Mammals","15541","Unknown",,,
"Mammals","0107080024","Unknown",,,
"Mammals","14915","Unknown",,,
"Mammals","14913","Unknown",,,
"Mammals","3211300011","Unknown",,,
"Mammals","14075","Unknown",,,
"Mammals","1514120001","Unknown",,,
"Mammals","2705020228","Unknown",,,
"Mammals","3612020008","Unknown",,,
"Mammals","8608040004","Unknown",,,
"Mammals","3211170022","Unknown",,,
"Mammals","94627","Unknown",,,
"Mammals","0102080004","Unknown",,,
"Mammals","101712","Unknown",,,
"Mammals","0102080003","Unknown",,,
"Mammals","111496","Unknown",,,
"Mammals","72395","Unknown",,,
"Mammals","9812030090","Unknown",,,
"Mammals","9110010017","Unknown",,,
"Mammals","86826","Unknown",,,
"Mammals","101701","Unknown",,,
"Mammals","2212280002","Unknown",,,
"Mammals","9111010064","Unknown",,,
"Mammals","17144","Unknown",,,
"Mammals","3006210459","Unknown",,,
"Mammals","9110010036","Unknown",,,
"Mammals","3203110027","Unknown",,,
"Mammals","77698","Unknown",,,
"Mammals","9102010016","Unknown",,,
"Mammals","7801010007","Unknown",,,
"Mammals","0011080005","Unknown",,,
"Mammals","9111010105","Unknown",,,
"Mammals","2705020227","Unknown",,,
"Mammals","1910080041","Unknown",,,
"Mammals","1910080043","Unknown",,,
"Mammals","1910080008","Unknown",,,
"Mammals","1910080044","Unknown",,,
"Mammals","1910080007","Unknown",,,
"Mammals","1910080009","Unknown",,,
"Mammals","3306200017","Unknown",,,
"Mammals","3310230001","Unknown",,,
"Mammals","2702110001","Unknown",,,
"Mammals","1910080045","Unknown",,,
"Mammals","1910080046","Unknown",,,
"Mammals","1910080047","Unknown",,,
"Mammals","1910080048","Unknown",,,
"Mammals","1910080049","Unknown",,,
"Mammals","2510050001","Unknown",,,
"Mammals","1910080012","Unknown",,,
"Mammals","1910080037","Unknown",,,
"Mammals","1910080038","Unknown",,,
"Mammals","1910080040","Unknown",,,
"Mammals","1910080025","Unknown",,,
"Mammals","2705020022","Unknown",,,
"Mammals","14404","Unknown",,,
"Mammals","3306200011","Unknown",,,
"Mammals","21009","Unknown",,,
"Mammals","25927","Unknown",,,
"Mammals","1910080005","Unknown",,,
"Mammals","2805220002","Unknown",,,
"Mammals","1910080006","Unknown",,,
"Mammals","1910080011","Unknown",,,
"Mammals","1910080018","Unknown",,,
"Mammals","1910080019","Unknown",,,
"Mammals","1011160002","Unknown",,,
"Mammals","1910080001","Unknown",,,
"Mammals","1910080002","Unknown",,,
"Mammals","1910080003","Unknown",,,
"Mammals","1910080004","Unknown",,,
"Mammals","1910080050","Unknown",,,
"Mammals","3302030003","Unknown",,,
"Mammals","1910080032","Unknown",,,
"Mammals","7001010037","Unknown",,,
"Mammals","2612170031","Unknown",,,
"Mammals","2612170032","Unknown",,,
"Mammals","1910080024","Unknown",,,
"Mammals","1910080026","Unknown",,,
"Mammals","1910080010","Unknown",,,
"Mammals","1910080028","Unknown",,,
"Mammals","1910080029","Unknown",,,
"Mammals","1805010006","Unknown",,,
"Mammals","1910080031","Unknown",,,
"Mammals","1805010005","Unknown",,,
"Mammals","1910080033","Unknown",,,
"Mammals","1910080034","Unknown",,,
"Mammals","1901070030","Unknown",,,
"Mammals","1704190019","Unknown",,,
"Mammals","2612170024","Unknown",,,
"Mammals","1910080079","Unknown",,,
"Mammals","1910080080","Unknown",,,
"Mammals","1910080081","Unknown",,,
"Mammals","2612170028","Unknown",,,
"Mammals","1910080030","Unknown",,,
"Mammals","1901070033","Unknown",,,
"Mammals","2705020226","Unknown",,,
"Mammals","1704190030","Unknown",,,
"Mammals","25241","Unknown",,,
"Mammals","20951","Unknown",,,
"Mammals","1910080036","Unknown",,,
"Mammals","1910080042","Unknown",,,
"Mammals","1910080022","Unknown",,,
"Mammals","1704190028","Unknown",,,
"Mammals","1901070029","Unknown",,,
"Mammals","1901070032","Unknown",,,
"Mammals","1910080051","Unknown",,,
"Mammals","2612170023","Unknown",,,
"Mammals","7001010042","Unknown",,,
"Mammals","3303080001","Unknown",,,
"Mammals","19438","Unknown",,,
"Mammals","19439","Unknown",,,
"Mammals","94343","Unknown",,,
"Mammals","1703110001","Unknown",,,
"Mammals","2308140001","Unknown",,,
"Mammals","1704190017","Unknown",,,
"Mammals","3402150001","Unknown",,,
"Mammals","25285","Unknown",,,
"Mammals","9202100002","Unknown",,,
"Mammals","3104220005","Unknown",,,
"Mammals","35299","Unknown",,,
"Mammals","0101090006","Unknown",,,
"Mammals","1109260004","Unknown",,,
"Mammals","2705020202","Unknown",,,
"Mammals","2705020203","Unknown",,,
"Mammals","22216","Unknown",,,
"Mammals","9110010018","Unknown",,,
"Mammals","7801010003","Unknown",,,
"Mammals","2612170034","Unknown",,,
"Mammals","10255","Unknown",,,
"Mammals","14909","Unknown",,,
"Mammals","14911","Unknown",,,
"Mammals","3611110001","Unknown",,,
"Mammals","10140","Unknown",,,
"Mammals","14910","Unknown",,,
"Mammals","2209250020","Unknown",,,
"Mammals","1901070014","Unknown",,,
"Mammals","3306200025","Unknown",,,
"Mammals","77568","Unknown",,,
"Mammals","96759","Unknown",,,
"Mammals","96760","Unknown",,,
"Mammals","97099","Unknown",,,
"Mammals","92685","Unknown",,,
"Mammals","64299","Unknown",,,
"Mammals","90524","Unknown",,,
"Mammals","90525","Unknown",,,
"Mammals","77566","Unknown",,,
"Mammals","25522","Unknown",,,
"Mammals","77563","Unknown",,,
"Mammals","3509180001","Unknown",,,
"Mammals","77569","Unknown",,,
"Mammals","64304","Unknown",,,
"Mammals","64303","Unknown",,,
"Mammals","97106","Unknown",,,
"Mammals","97107","Unknown",,,
"Mammals","97108","Unknown",,,
"Mammals","97109","Unknown",,,
"Mammals","80263","Unknown",,,
"Mammals","9110010019","Unknown",,,
"Mammals","69268","Unknown",,,
"Mammals","1910080021","Unknown",,,
"Mammals","3306200026","Unknown",,,
"Mammals","9110010020","Unknown",,,
"Mammals","3509180002","Unknown",,,
"Mammals","1910080027","Unknown",,,
"Mammals","1910080013","Unknown",,,
"Mammals","1910080014","Unknown",,,
"Mammals","1910080015","Unknown",,,
"Mammals","1910080016","Unknown",,,
"Mammals","7001010041","Unknown",,,
"Mammals","1910080020","Unknown",,,
"Mammals","3306200021","Unknown",,,
"Mammals","1901070039","Unknown",,,
"Mammals","1910080023","Unknown",,,
"Mammals","0111290013","Unknown",,,
"Mammals","1901070001","Unknown",,,
"Mammals","0101300068","Unknown",,,
"Mammals","1901070009","Unknown",,,
"Mammals","1901070012","Unknown",,,
"Mammals","2612170036","Unknown",,,
"Mammals","1910080017","Unknown",,,
"Mammals","2612170037","Unknown",,,
"Mammals","25288","Unknown",,,
"Mammals","2612170038","Unknown",,,
"Mammals","2612170004","Unknown",,,
"Mammals","1704190037","Unknown",,,
"Mammals","1901070015","Unknown",,,
"Mammals","1901070016","Unknown",,,
"Mammals","1901070003","Unknown",,,
"Mammals","1901070007","Unknown",,,
"Mammals","9111010177","Unknown",,,
"Mammals","3306200027","Unknown",,,
"Mammals","3306200022","Unknown",,,
"Mammals","14408","Unknown",,,
"Mammals","3211300010","Unknown",,,
"Mammals","3306200012","Unknown",,,
"Mammals","3306200013","Unknown",,,
"Mammals","3306200014","Unknown",,,
"Mammals","3306200015","Unknown",,,
"Mammals","3306200016","Unknown",,,
"Mammals","3306200020","Unknown",,,
"Mammals","1910080035","Unknown",,,
"Mammals","1901070013","Unknown",,,
"Mammals","16762","Unknown",,,
"Mammals","2612170015","Unknown",,,
"Mammals","7002010003","Unknown",,,
"Mammals","3302030005","Unknown",,,
"Mammals","60283","Unknown",,,
"Mammals","60284","Unknown",,,
"Mammals","60285","Unknown",,,
"Mammals","94609","Unknown",,,
"Mammals","9102010015","Unknown",,,
"Mammals","1901070025","Unknown",,,
"Mammals","0101300021","Unknown",,,
"Mammals","1901070017","Unknown",,,
"Mammals","1702110004","Unknown",,,
"Mammals","94088","Unknown",,,
"Mammals","3306200007","Unknown",,,
"Mammals","8606010010","Unknown",,,
"Mammals","8806010002","Unknown",,,
"Mammals","3202090001","Unknown",,,
"Mammals","0101300049","Unknown",,,
"Mammals","0101300051","Unknown",,,
"Mammals","9102010017","Unknown",,,
"Mammals","2612170041","Unknown",,,
"Mammals","2612170052","Unknown",,,
"Mammals","1910080069","Unknown",,,
"Mammals","1910080070","Unknown",,,
"Mammals","2612170009","Unknown",,,
"Mammals","2612170010","Unknown",,,
"Mammals","0903010037","Unknown",,,
"Mammals","8406010001","Unknown",,,
"Mammals","9403260002","Unknown",,,
"Mammals","2612170008","Unknown",,,
"Mammals","2612170040","Unknown",,,
"Mammals","2612170007","Unknown",,,
"Mammals","2612170042","Unknown",,,
"Mammals","2403150001","Unknown",,,
"Mammals","1910080077","Unknown",,,
"Mammals","1910080078","Unknown",,,
"Mammals","2612170005","Unknown",,,
"Mammals","2612170006","Unknown",,,
"Mammals","2612170058","Unknown",,,
"Mammals","2612170059","Unknown",,,
"Mammals","61465","Unknown",,,
"Mammals","2403150002","Unknown",,,
"Mammals","75217","Unknown",,,
"Mammals","84156","Unknown",,,
"Mammals","25282","Unknown",,,
"Mammals","60392","Unknown",,,
"Mammals","65469","Unknown",,,
"Mammals","16896","Unknown",,,
"Mammals","3306201053","Unknown",,,
"Mammals","2410180001","Unknown",,,
"Mammals","14424","Unknown",,,
"Mammals","7001010044","Unknown",,,
"Mammals","8608240009","Unknown",,,
"Mammals","60393","Unknown",,,
"Mammals","70737","Unknown",,,
"Mammals","16910","Unknown",,,
"Mammals","16499","Unknown",,,
"Mammals","0011080014","Unknown",,,
"Mammals","9102010001","Unknown",,,
"Mammals","0104200001","Unknown",,,
"Mammals","21397","Unknown",,,
"Mammals","0102010009","Unknown",,,
"Mammals","0011290007","Unknown",,,
"Mammals","27623","Unknown",,,
"Mammals","14748","Unknown",,,
"Mammals","2612170012","Unknown",,,
"Mammals","61463","Unknown",,,
"Mammals","61462","Unknown",,,
"Mammals","16912","Unknown",,,
"Mammals","3211080038","Unknown",,,
"Mammals","11202","Unknown",,,
"Mammals","9508300001","Unknown",,,
"Mammals","7002010001","Unknown",,,
"Mammals","25283","Unknown",,,
"Mammals","20356","Unknown",,,
"Mammals","8606010004","Unknown",,,
"Mammals","91483","Unknown",,,
"Mammals","14343","Unknown",,,
"Mammals","16908","Unknown",,,
"Mammals","31295","Unknown",,,
"Mammals","16909","Unknown",,,
"Mammals","16911","Unknown",,,
"Mammals","16913","Unknown",,,
"Mammals","9102010022","Unknown",,,
"Mammals","7906010003","Unknown",,,
"Mammals","25315","Unknown",,,
"Mammals","1901070005","Unknown",,,
"Mammals","3503040001","Unknown",,,
"Mammals","1805010007","Unknown",,,
"Mammals","1805010008","Unknown",,,
"Mammals","1805010009","Unknown",,,
"Mammals","1901070040","Unknown",,,
"Mammals","2612170055","Unknown",,,
"Mammals","2612170056","Unknown",,,
"Mammals","19459","Unknown",,,
"Mammals","1901070026","Unknown",,,
"Mammals","3306200010","Unknown",,,
"Mammals","1805010004","Unknown",,,
"Mammals","2612170018","Unknown",,,
"Mammals","2612170013","Unknown",,,
"Mammals","2612170014","Unknown",,,
"Mammals","2612170016","Unknown",,,
"Mammals","2612170017","Unknown",,,
"Mammals","2612170019","Unknown",,,
"Mammals","0101300070","Unknown",,,
"Mammals","0101300071","Unknown",,,
"Mammals","8406010005","Unknown",,,
"Mammals","3212010006","Unknown",,,
"Mammals","2612170051","Unknown",,,
"Mammals","16548","Unknown",,,
"Mammals","0903040009","Unknown",,,
"Mammals","77633","Unknown",,,
"Mammals","1901070036","Unknown",,,
"Mammals","14406","Unknown",,,
"Mammals","2612170053","Unknown",,,
"Mammals","2612170054","Unknown",,,
"Mammals","2209270001","Unknown",,,
"Mammals","1805010001","Unknown",,,
"Mammals","2612170050","Unknown",,,
"Mammals","1805010003","Unknown",,,
"Mammals","1901070010","Unknown",,,
"Mammals","1901070022","Unknown",,,
"Mammals","2612170048","Unknown",,,
"Mammals","2612170060","Unknown",,,
"Mammals","2612170061","Unknown",,,
"Mammals","1901070004","Unknown",,,
"Mammals","2612170033","Unknown",,,
"Mammals","14914","Unknown",,,
"Mammals","2612170025","Unknown",,,
"Mammals","1901070027","Unknown",,,
"Mammals","2702110002","Unknown",,,
"Mammals","1901070006","Unknown",,,
"Mammals","1901070018","Unknown",,,
"Mammals","0101300072","Unknown",,,
"Mammals","2612170045","Unknown",,,
"Mammals","7906010006","Unknown",,,
"Mammals","1805010010","Unknown",,,
"Mammals","1805010011","Unknown",,,
"Mammals","2612170039","Unknown",,,
"Mammals","1805010013","Unknown",,,
"Mammals","2612170020","Unknown",,,
"Mammals","2612170030","Unknown",,,
"Mammals","2612170044","Unknown",,,
"Mammals","8001010002","Unknown",,,
"Mammals","2612170029","Unknown",,,
"Mammals","1901070028","Unknown",,,
"Mammals","95180","Unknown",,,
"Mammals","2612170021","Unknown",,,
"Mammals","2612170022","Unknown",,,
"Mammals","2612170011","Unknown",,,
"Mammals","1805010012","Unknown",,,
"Mammals","2612170027","Unknown",,,
"Mammals","1805010002","Unknown",,,
"Mammals","20994","Unknown",,,
"Mammals","2705020224","Unknown",,,
"Mammals","3609280003","Unknown",,,
"Mammals","27400","Unknown",,,
"Mammals","7506010001","Unknown",,,
"Mammals","3306200004","Unknown",,,
"Mammals","3608040001","Unknown",,,
"Mammals","31292","Unknown",,,
"Mammals","90839","Unknown",,,
"Mammals","2705020204","Unknown",,,
"Mammals","2612170026","Unknown",,,
"Mammals","3402010001","Unknown",,,
"Mammals","2510210101","Unknown",,,
"Mammals","1901070011","Unknown",,,
"Mammals","2612170035","Unknown",,,
"Mammals","9411060006","Unknown",,,
"Mammals","9106160002","Unknown",,,
"Mammals","1910080072","Unknown",,,
"Mammals","1901070038","Unknown",,,
"Mammals","18353","Unknown",,,
"Mammals","2309200078","Unknown",,,
"Mammals","78119","Unknown",,,
"Mammals","94514","Unknown",,,
"Mammals","3610070010","Unknown",,,
"Mammals","64432","Unknown",,,
"Mammals","3503040011","Unknown",,,
"Mammals","3302030001","Unknown",,,
"Mammals","3201200003","Unknown",,,
"Mammals","102504","Unknown",,,
"Mammals","102503","Unknown",,,
"Mammals","117864","Unknown",,,
"Mammals","98612","Unknown",,,
"Mammals","102505","Unknown",,,
"Mammals","111233","Unknown",,,
"Mammals","108278","Unknown",,,
"Mammals","7106010002","Unknown",,,
"Mammals","111222","Unknown",,,
"Mammals","102491","Unknown",,,
"Mammals","2311100002","Unknown",,,
"Mammals","0012090001","Unknown",,,
"Mammals","1501100001","Unknown",,,
"Mammals","111227","Unknown",,,
"Mammals","111218","Unknown",,,
"Mammals","2505070001","Unknown",,,
"Mammals","9812030009","Unknown",,,
"Mammals","9112300002","Unknown",,,
"Mammals","111221","Unknown",,,
"Mammals","0002010005","Unknown",,,
"Mammals","111219","Unknown",,,
"Mammals","1504120001","Unknown",,,
"Mammals","3612020006","Unknown",,,
"Mammals","102492","Unknown",,,
"Mammals","15189","Unknown",,,
"Mammals","2712100029","Unknown",,,
"Mammals","2810150003","Unknown",,,
"Mammals","25271","Unknown",,,
"Mammals","94608","Unknown",,,
"Mammals","16063","Unknown",,,
"Mammals","3301250004","Unknown",,,
"Mammals","94902","Unknown",,,
"Mammals","91482","Unknown",,,
"Mammals","2712100015","Unknown",,,
"Mammals","50434","Unknown",,,
"Mammals","2705020209","Unknown",,,
"Mammals","9102010019","Unknown",,,
"Mammals","100590","Unknown",,,
"Mammals","74060","Unknown",,,
"Mammals","9508130018","Unknown",,,
"Mammals","59339","Unknown",,,
"Mammals","3208220001","Unknown",,,
"Mammals","0011080013","Unknown",,,
"Mammals","16045","Unknown",,,
"Mammals","2705020210","Unknown",,,
"Mammals","108279","Unknown",,,
"Mammals","115426","Unknown",,,
"Mammals","16761","Unknown",,,
"Mammals","89945","Unknown",,,
"Mammals","96761","Unknown",,,
"Mammals","96762","Unknown",,,
"Mammals","96763","Unknown",,,
"Mammals","96764","Unknown",,,
"Mammals","74059","Unknown",,,
"Mammals","79134","Unknown",,,
"Mammals","77457","Unknown",,,
"Mammals","79143","Unknown",,,
"Mammals","80306","Unknown",,,
"Mammals","79144","Unknown",,,
"Mammals","80298","Unknown",,,
"Mammals","80300","Unknown",,,
"Mammals","84144","Unknown",,,
"Mammals","80312","Unknown",,,
"Mammals","79148","Unknown",,,
"Mammals","80296","Unknown",,,
"Mammals","62744","Unknown",,,
"Mammals","79145","Unknown",,,
"Mammals","80302","Unknown",,,
"Mammals","79138","Unknown",,,
"Mammals","80299","Unknown",,,
"Mammals","2712100022","Unknown",,,
"Mammals","79137","Unknown",,,
"Mammals","94603","Unknown",,,
"Mammals","112525","Unknown",,,
"Mammals","112524","Unknown",,,
"Mammals","0101300058","Unknown",,,
"Mammals","105020","Unknown",,,
"Mammals","112779","Unknown",,,
"Mammals","31286","Unknown",,,
"Mammals","115462","Unknown",,,
"Mammals","67564","Unknown",,,
"Mammals","112300","Unknown",,,
"Mammals","80295","Unknown",,,
"Mammals","94948","Unknown",,,
"Mammals","94415","Unknown",,,
"Mammals","0011210007","Unknown",,,
"Mammals","94417","Unknown",,,
"Mammals","80305","Unknown",,,
"Mammals","79139","Unknown",,,
"Mammals","85246","Unknown",,,
"Mammals","112296","Unknown",,,
"Mammals","2909050001","Unknown",,,
"Mammals","3408100001","Unknown",,,
"Mammals","3405080031","Unknown",,,
"Mammals","3405080010","Unknown",,,
"Mammals","3312260002","Unknown",,,
"Mammals","87181","Unknown",,,
"Mammals","3302030004","Unknown",,,
"Mammals","84136","Unknown",,,
"Mammals","111217","Unknown",,,
"Mammals","111214","Unknown",,,
"Mammals","2712100026","Unknown",,,
"Mammals","2712100025","Unknown",,,
"Mammals","2712100024","Unknown",,,
"Mammals","9110010023","Unknown",,,
"Mammals","111231","Unknown",,,
"Mammals","3211170023","Unknown",,,
"Mammals","111225","Unknown",,,
"Mammals","3211080026","Unknown",,,
"Mammals","111228","Unknown",,,
"Mammals","84900","Unknown",,,
"Mammals","84894","Unknown",,,
"Mammals","117121","Unknown",,,
"Mammals","84775","Unknown",,,
"Mammals","118916","Unknown",,,
"Mammals","2510050002","Unknown",,,
"Mammals","111232","Unknown",,,
"Mammals","3510230001","Unknown",,,
"Mammals","111229","Unknown",,,
"Mammals","111213","Unknown",,,
"Mammals","111215","Unknown",,,
"Mammals","111226","Unknown",,,
"Mammals","111216","Unknown",,,
"Mammals","111224","Unknown",,,
"Mammals","111223","Unknown",,,
"Mammals","3002140002","Unknown",,,
"Mammals","111212","Unknown",,,
"Mammals","111230","Unknown",,,
"Mammals","14422","Unknown",,,
"Mammals","9102010008","Unknown",,,
"Mammals","16899","Unknown",,,
"Mammals","7906010005","Unknown",,,
"Mammals","7606010005","Unknown",,,
"Mammals","1406170003","Unknown",,,
"Mammals","31231","Unknown",,,
"Mammals","2403130389","Unknown",,,
"Mammals","14912","Unknown",,,
"Mammals","16904","Unknown",,,
"Mammals","16905","Unknown",,,
"Mammals","1702260001","Unknown",,,
"Mammals","3511160002","Unknown",,,
"Mammals","7906010002","Unknown",,,
"Mammals","16111","Unknown",,,
"Mammals","17186","Unknown",,,
"Mammals","1910080039","Unknown",,,
"Mammals","9102010013","Unknown",,,
"Mammals","3303150004","Unknown",,,
"Mammals","25292","Unknown",,,
"Mammals","16900","Unknown",,,
"Mammals","3211080027","Unknown",,,
"Mammals","16906","Unknown",,,
"Mammals","0101300015","Unknown",,,
"Mammals","9111010040","Unknown",,,
"Mammals","0101300014","Unknown",,,
"Mammals","96645","Unknown",,,
"Mammals","1704190024","Unknown",,,
"Mammals","16907","Unknown",,,
"Mammals","1704190027","Unknown",,,
"Mammals","1901070035","Unknown",,,
"Mammals","3412080002","Unknown",,,
"Mammals","3211030009","Unknown",,,
"Mammals","14750","Unknown",,,
"Mammals","1901070037","Unknown",,,
"Mammals","3210210002","Unknown",,,
"Mammals","9111010181","Unknown",,,
"Mammals","1109260005","Unknown",,,
"Mammals","3208290049","Unknown",,,
"Mammals","0101300005","Unknown",,,
"Mammals","1901070041","Unknown",,,
"Mammals","2801040001","Unknown",,,
"Mammals","2612170003","Unknown",,,
"Mammals","3310050001","Unknown",,,
"Mammals","3306200963","Unknown",,,
"Mammals","3208290048","Unknown",,,
"Mammals","0102010005","Unknown",,,
"Mammals","58660","Unknown",,,
"Mammals","2702100001","Unknown",,,
"Mammals","2612170046","Unknown",,,
"Mammals","17175","Unknown",,,
"Mammals","9102010012","Unknown",,,
"Mammals","1910080062","Unknown",,,
"Mammals","1901070008","Unknown",,,
"Mammals","31293","Unknown",,,
"Mammals","0102010010","Unknown",,,
"Mammals","1910080063","Unknown",,,
"Mammals","7606010002","Unknown",,,
"Mammals","31256","Unknown",,,
"Mammals","22039","Unknown",,,
"Mammals","14749","Unknown",,,
"Mammals","3208290050","Unknown",,,
"Mammals","3405090018","Unknown",,,
"Mammals","3405090019","Unknown",,,
"Mammals","33136","Unknown",,,
"Mammals","1901070024","Unknown",,,
"Mammals","7001010034","Unknown",,,
"Mammals","14254","Unknown",,,
"Mammals","31289","Unknown",,,
"Mammals","31291","Unknown",,,
"Mammals","7906010009","Unknown",,,
"Mammals","20655","Unknown",,,
"Mammals","2805220001","Unknown",,,
"Mammals","31287","Unknown",,,
"Mammals","1704190034","Unknown",,,
"Mammals","7306010001","Unknown",,,
"Mammals","0011080011","Unknown",,,
"Mammals","9111010072","Unknown",,,
"Mammals","1704190031","Unknown",,,
"Mammals","2612170057","Unknown",,,
"Mammals","2801130001","Unknown",,,
"Mammals","31290","Unknown",,,
"Mammals","17590","Unknown",,,
"Mammals","9401080004","Unknown",,,
"Mammals","108029","Unknown",,,
"Mammals","16146","Unknown",,,
"Mammals","16763","Unknown",,,
"Mammals","16144","Unknown",,,
"Mammals","16224","Unknown",,,
"Mammals","3212010011","Unknown",,,
"Mammals","25278","Unknown",,,
"Mammals","3212010010","Unknown",,,
"Mammals","9102010011","Unknown",,,
"Mammals","31284","Unknown",,,
"Mammals","9812300002","Unknown",,,
"Mammals","2806260003","Unknown",,,
"Mammals","3402090001","Unknown",,,
"Mammals","1704190032","Unknown",,,
"Mammals","27955","Unknown",,,
"Mammals","3309090001","Unknown",,,
"Mammals","0102010004","Unknown",,,
"Mammals","2211250001","Unknown",,,
"Mammals","18800","Unknown",,,
"Mammals","31285","Unknown",,,
"Mammals","31288","Unknown",,,
"Mammals","0011290004","Unknown",,,
"Mammals","0102080001","Unknown",,,
"Mammals","9111010070","Unknown",,,
"Mammals","2510210100","Unknown",,,
"Mammals","3309100003","Unknown",,,
"Mammals","2712100016","Unknown",,,
"Mammals","1709180001","Unknown",,,
"Mammals","16047","Unknown",,,
"Mammals","9110010035","Unknown",,,
"Mammals","108028","Unknown",,,
"Mammals","2705020200","Unknown",,,
"Mammals","10146","Unknown",,,
"Mammals","2705020205","Unknown",,,
"Mammals","7001010019","Unknown",,,
"Mammals","0102010003","Unknown",,,
"Mammals","1709180002","Unknown",,,
"Mammals","2705020208","Unknown",,,
"Mammals","3303220001","Unknown",,,
"Mammals","60458","Unknown",,,
"Mammals","9102240011","Unknown",,,
"Mammals","2705020213","Unknown",,,
"Mammals","3508160006","Unknown",,,
"Mammals","27959","Unknown",,,
